,t1,t2,method,tp,fp,tn,fn,acc,f1,num_cells1,num_cells2,timediff
714,0,1,yeaz,2,0,2,0,1.0,1.0,2,2,5
715,0,2,yeaz,2,0,2,0,1.0,1.0,2,2,10
716,0,3,yeaz,0,2,2,2,0.3333333333333333,0.0,2,3,15
717,0,4,yeaz,0,2,2,2,0.3333333333333333,0.0,2,3,20
718,1,2,yeaz,2,0,2,0,1.0,1.0,2,2,5
719,1,3,yeaz,0,2,2,2,0.3333333333333333,0.0,2,3,10
720,1,4,yeaz,0,2,2,2,0.3333333333333333,0.0,2,3,15
721,1,5,yeaz,0,2,2,2,0.3333333333333333,0.0,2,3,20
722,2,3,yeaz,2,0,4,0,1.0,1.0,2,3,5
723,2,4,yeaz,2,0,4,0,1.0,1.0,2,3,10
724,2,5,yeaz,2,0,4,0,1.0,1.0,2,3,15
725,2,6,yeaz,2,0,4,0,1.0,1.0,2,3,20
726,3,4,yeaz,3,0,6,0,1.0,1.0,3,3,5
727,3,5,yeaz,3,0,6,0,1.0,1.0,3,3,10
728,3,6,yeaz,3,0,6,0,1.0,1.0,3,3,15
729,3,7,yeaz,3,0,6,0,1.0,1.0,3,3,20
730,4,5,yeaz,3,0,6,0,1.0,1.0,3,3,5
731,4,6,yeaz,3,0,6,0,1.0,1.0,3,3,10
732,4,7,yeaz,3,0,6,0,1.0,1.0,3,3,15
733,4,8,yeaz,3,0,6,0,1.0,1.0,3,3,20
734,5,6,yeaz,3,0,6,0,1.0,1.0,3,3,5
735,5,7,yeaz,3,0,6,0,1.0,1.0,3,3,10
736,5,8,yeaz,3,0,6,0,1.0,1.0,3,3,15
737,5,9,yeaz,3,0,6,0,1.0,1.0,3,3,20
738,6,7,yeaz,3,0,6,0,1.0,1.0,3,3,5
739,6,8,yeaz,3,0,6,0,1.0,1.0,3,3,10
740,6,9,yeaz,3,0,6,0,1.0,1.0,3,3,15
741,6,10,yeaz,3,0,6,0,1.0,1.0,3,3,20
742,7,8,yeaz,3,0,6,0,1.0,1.0,3,3,5
743,7,9,yeaz,3,0,6,0,1.0,1.0,3,3,10
744,7,10,yeaz,3,0,6,0,1.0,1.0,3,3,15
745,7,11,yeaz,3,0,6,0,1.0,1.0,3,3,20
746,8,9,yeaz,3,0,6,0,1.0,1.0,3,3,5
747,8,10,yeaz,3,0,6,0,1.0,1.0,3,3,10
748,8,11,yeaz,3,0,6,0,1.0,1.0,3,3,15
749,8,12,yeaz,3,0,6,0,1.0,1.0,3,3,20
750,9,10,yeaz,3,0,6,0,1.0,1.0,3,3,5
751,9,11,yeaz,3,0,6,0,1.0,1.0,3,3,10
752,9,12,yeaz,3,0,6,0,1.0,1.0,3,3,15
753,9,13,yeaz,3,0,6,0,1.0,1.0,3,3,20
754,10,11,yeaz,3,0,6,0,1.0,1.0,3,3,5
755,10,12,yeaz,3,0,6,0,1.0,1.0,3,3,10
756,10,13,yeaz,3,0,6,0,1.0,1.0,3,3,15
757,10,14,yeaz,3,0,6,0,1.0,1.0,3,3,20
758,11,12,yeaz,3,0,6,0,1.0,1.0,3,3,5
759,11,13,yeaz,3,0,6,0,1.0,1.0,3,3,10
760,11,14,yeaz,3,0,6,0,1.0,1.0,3,3,15
761,11,15,yeaz,3,0,6,0,1.0,1.0,3,3,20
762,12,13,yeaz,3,0,6,0,1.0,1.0,3,3,5
763,12,14,yeaz,3,0,6,0,1.0,1.0,3,3,10
764,12,15,yeaz,3,0,6,0,1.0,1.0,3,3,15
765,12,16,yeaz,3,0,6,0,1.0,1.0,3,3,20
766,13,14,yeaz,3,0,6,0,1.0,1.0,3,3,5
767,13,15,yeaz,3,0,6,0,1.0,1.0,3,3,10
768,13,16,yeaz,3,0,6,0,1.0,1.0,3,3,15
769,13,17,yeaz,3,0,6,0,1.0,1.0,3,3,20
770,14,15,yeaz,3,0,6,0,1.0,1.0,3,3,5
771,14,16,yeaz,3,0,6,0,1.0,1.0,3,3,10
772,14,17,yeaz,3,0,6,0,1.0,1.0,3,3,15
773,14,18,yeaz,3,0,6,0,1.0,1.0,3,3,20
774,15,16,yeaz,3,0,6,0,1.0,1.0,3,3,5
775,15,17,yeaz,3,0,6,0,1.0,1.0,3,3,10
776,15,18,yeaz,3,0,6,0,1.0,1.0,3,3,15
777,15,19,yeaz,3,0,6,0,1.0,1.0,3,3,20
778,16,17,yeaz,3,0,6,0,1.0,1.0,3,3,5
779,16,18,yeaz,3,0,6,0,1.0,1.0,3,3,10
780,16,19,yeaz,3,0,6,0,1.0,1.0,3,3,15
781,16,20,yeaz,3,0,6,0,1.0,1.0,3,3,20
782,17,18,yeaz,3,0,6,0,1.0,1.0,3,3,5
783,17,19,yeaz,3,0,6,0,1.0,1.0,3,3,10
784,17,20,yeaz,3,0,6,0,1.0,1.0,3,3,15
785,17,21,yeaz,3,0,6,0,1.0,1.0,3,3,20
786,18,19,yeaz,3,0,6,0,1.0,1.0,3,3,5
787,18,20,yeaz,3,0,6,0,1.0,1.0,3,3,10
788,18,21,yeaz,3,0,6,0,1.0,1.0,3,3,15
789,18,22,yeaz,3,0,6,0,1.0,1.0,3,3,20
790,19,20,yeaz,3,0,6,0,1.0,1.0,3,3,5
791,19,21,yeaz,3,0,6,0,1.0,1.0,3,3,10
792,19,22,yeaz,3,0,6,0,1.0,1.0,3,3,15
793,19,23,yeaz,3,0,9,0,1.0,1.0,3,4,20
794,20,21,yeaz,3,0,6,0,1.0,1.0,3,3,5
795,20,22,yeaz,3,0,6,0,1.0,1.0,3,3,10
796,20,23,yeaz,3,0,9,0,1.0,1.0,3,4,15
797,20,24,yeaz,3,0,9,0,1.0,1.0,3,4,20
798,21,22,yeaz,3,0,6,0,1.0,1.0,3,3,5
799,21,23,yeaz,3,0,9,0,1.0,1.0,3,4,10
800,21,24,yeaz,3,0,9,0,1.0,1.0,3,4,15
801,21,25,yeaz,3,0,9,0,1.0,1.0,3,4,20
802,22,23,yeaz,3,0,9,0,1.0,1.0,3,4,5
803,22,24,yeaz,3,0,9,0,1.0,1.0,3,4,10
804,22,25,yeaz,3,0,9,0,1.0,1.0,3,4,15
805,22,26,yeaz,3,0,9,0,1.0,1.0,3,4,20
806,23,24,yeaz,4,0,12,0,1.0,1.0,4,4,5
807,23,25,yeaz,4,0,12,0,1.0,1.0,4,4,10
808,23,26,yeaz,4,0,12,0,1.0,1.0,4,4,15
809,23,27,yeaz,4,0,12,0,1.0,1.0,4,4,20
810,24,25,yeaz,4,0,12,0,1.0,1.0,4,4,5
811,24,26,yeaz,4,0,12,0,1.0,1.0,4,4,10
812,24,27,yeaz,4,0,12,0,1.0,1.0,4,4,15
813,24,28,yeaz,4,0,12,0,1.0,1.0,4,4,20
814,25,26,yeaz,4,0,12,0,1.0,1.0,4,4,5
815,25,27,yeaz,4,0,12,0,1.0,1.0,4,4,10
816,25,28,yeaz,4,0,12,0,1.0,1.0,4,4,15
817,25,29,yeaz,4,0,12,0,1.0,1.0,4,4,20
818,26,27,yeaz,4,0,12,0,1.0,1.0,4,4,5
819,26,28,yeaz,4,0,12,0,1.0,1.0,4,4,10
820,26,29,yeaz,4,0,12,0,1.0,1.0,4,4,15
821,26,30,yeaz,4,0,16,0,1.0,1.0,4,5,20
822,27,28,yeaz,4,0,12,0,1.0,1.0,4,4,5
823,27,29,yeaz,4,0,12,0,1.0,1.0,4,4,10
824,27,30,yeaz,4,0,16,0,1.0,1.0,4,5,15
825,27,31,yeaz,4,0,16,0,1.0,1.0,4,5,20
826,28,29,yeaz,4,0,12,0,1.0,1.0,4,4,5
827,28,30,yeaz,4,0,16,0,1.0,1.0,4,5,10
828,28,31,yeaz,4,0,16,0,1.0,1.0,4,5,15
829,28,32,yeaz,4,0,16,0,1.0,1.0,4,5,20
830,29,30,yeaz,4,0,16,0,1.0,1.0,4,5,5
831,29,31,yeaz,4,0,16,0,1.0,1.0,4,5,10
832,29,32,yeaz,4,0,16,0,1.0,1.0,4,5,15
833,29,33,yeaz,4,0,16,0,1.0,1.0,4,5,20
834,30,31,yeaz,5,0,20,0,1.0,1.0,5,5,5
835,30,32,yeaz,5,0,20,0,1.0,1.0,5,5,10
836,30,33,yeaz,5,0,20,0,1.0,1.0,5,5,15
837,30,34,yeaz,5,0,25,0,1.0,1.0,5,6,20
838,31,32,yeaz,5,0,20,0,1.0,1.0,5,5,5
839,31,33,yeaz,5,0,20,0,1.0,1.0,5,5,10
840,31,34,yeaz,5,0,25,0,1.0,1.0,5,6,15
841,31,35,yeaz,5,0,25,0,1.0,1.0,5,6,20
842,32,33,yeaz,5,0,20,0,1.0,1.0,5,5,5
843,32,34,yeaz,5,0,25,0,1.0,1.0,5,6,10
844,32,35,yeaz,5,0,25,0,1.0,1.0,5,6,15
845,32,36,yeaz,5,0,25,0,1.0,1.0,5,6,20
846,33,34,yeaz,5,0,25,0,1.0,1.0,5,6,5
847,33,35,yeaz,5,0,25,0,1.0,1.0,5,6,10
848,33,36,yeaz,5,0,25,0,1.0,1.0,5,6,15
849,33,37,yeaz,5,0,25,0,1.0,1.0,5,6,20
850,34,35,yeaz,6,0,30,0,1.0,1.0,6,6,5
851,34,36,yeaz,6,0,30,0,1.0,1.0,6,6,10
852,34,37,yeaz,6,0,30,0,1.0,1.0,6,6,15
853,34,38,yeaz,6,0,30,0,1.0,1.0,6,6,20
854,35,36,yeaz,6,0,30,0,1.0,1.0,6,6,5
855,35,37,yeaz,6,0,30,0,1.0,1.0,6,6,10
856,35,38,yeaz,6,0,30,0,1.0,1.0,6,6,15
857,35,39,yeaz,6,0,36,0,1.0,1.0,6,7,20
858,36,37,yeaz,6,0,30,0,1.0,1.0,6,6,5
859,36,38,yeaz,6,0,30,0,1.0,1.0,6,6,10
860,36,39,yeaz,6,0,36,0,1.0,1.0,6,7,15
861,36,40,yeaz,6,0,36,0,1.0,1.0,6,7,20
862,37,38,yeaz,6,0,30,0,1.0,1.0,6,6,5
863,37,39,yeaz,6,0,36,0,1.0,1.0,6,7,10
864,37,40,yeaz,6,0,36,0,1.0,1.0,6,7,15
865,37,41,yeaz,6,0,36,0,1.0,1.0,6,7,20
866,38,39,yeaz,6,0,36,0,1.0,1.0,6,7,5
867,38,40,yeaz,6,0,36,0,1.0,1.0,6,7,10
868,38,41,yeaz,6,0,36,0,1.0,1.0,6,7,15
869,38,42,yeaz,6,0,36,0,1.0,1.0,6,7,20
870,39,40,yeaz,7,0,42,0,1.0,1.0,7,7,5
871,39,41,yeaz,7,0,42,0,1.0,1.0,7,7,10
872,39,42,yeaz,7,0,42,0,1.0,1.0,7,7,15
873,39,43,yeaz,7,0,42,0,1.0,1.0,7,7,20
874,40,41,yeaz,7,0,42,0,1.0,1.0,7,7,5
875,40,42,yeaz,7,0,42,0,1.0,1.0,7,7,10
876,40,43,yeaz,7,0,42,0,1.0,1.0,7,7,15
877,40,44,yeaz,7,0,42,0,1.0,1.0,7,7,20
878,41,42,yeaz,7,0,42,0,1.0,1.0,7,7,5
879,41,43,yeaz,7,0,42,0,1.0,1.0,7,7,10
880,41,44,yeaz,7,0,42,0,1.0,1.0,7,7,15
881,41,45,yeaz,7,0,42,0,1.0,1.0,7,7,20
882,42,43,yeaz,7,0,42,0,1.0,1.0,7,7,5
883,42,44,yeaz,7,0,42,0,1.0,1.0,7,7,10
884,42,45,yeaz,7,0,42,0,1.0,1.0,7,7,15
885,42,46,yeaz,7,0,42,0,1.0,1.0,7,7,20
886,43,44,yeaz,7,0,42,0,1.0,1.0,7,7,5
887,43,45,yeaz,7,0,42,0,1.0,1.0,7,7,10
888,43,46,yeaz,7,0,42,0,1.0,1.0,7,7,15
889,43,47,yeaz,7,0,42,0,1.0,1.0,7,7,20
890,44,45,yeaz,7,0,42,0,1.0,1.0,7,7,5
891,44,46,yeaz,7,0,42,0,1.0,1.0,7,7,10
892,44,47,yeaz,7,0,42,0,1.0,1.0,7,7,15
893,44,48,yeaz,7,0,49,0,1.0,1.0,7,8,20
894,45,46,yeaz,7,0,42,0,1.0,1.0,7,7,5
895,45,47,yeaz,7,0,42,0,1.0,1.0,7,7,10
896,45,48,yeaz,7,0,49,0,1.0,1.0,7,8,15
897,45,49,yeaz,7,0,49,0,1.0,1.0,7,8,20
898,46,47,yeaz,7,0,42,0,1.0,1.0,7,7,5
899,46,48,yeaz,7,0,49,0,1.0,1.0,7,8,10
900,46,49,yeaz,7,0,49,0,1.0,1.0,7,8,15
901,46,50,yeaz,7,0,49,0,1.0,1.0,7,8,20
902,47,48,yeaz,7,0,49,0,1.0,1.0,7,8,5
903,47,49,yeaz,7,0,49,0,1.0,1.0,7,8,10
904,47,50,yeaz,7,0,49,0,1.0,1.0,7,8,15
905,47,51,yeaz,7,0,49,0,1.0,1.0,7,8,20
906,48,49,yeaz,8,0,56,0,1.0,1.0,8,8,5
907,48,50,yeaz,8,0,56,0,1.0,1.0,8,8,10
908,48,51,yeaz,8,0,56,0,1.0,1.0,8,8,15
909,48,52,yeaz,8,0,56,0,1.0,1.0,8,8,20
910,49,50,yeaz,8,0,56,0,1.0,1.0,8,8,5
911,49,51,yeaz,8,0,56,0,1.0,1.0,8,8,10
912,49,52,yeaz,8,0,56,0,1.0,1.0,8,8,15
913,49,53,yeaz,8,0,56,0,1.0,1.0,8,8,20
914,50,51,yeaz,8,0,56,0,1.0,1.0,8,8,5
915,50,52,yeaz,8,0,56,0,1.0,1.0,8,8,10
916,50,53,yeaz,8,0,56,0,1.0,1.0,8,8,15
917,50,54,yeaz,8,0,56,0,1.0,1.0,8,8,20
918,51,52,yeaz,8,0,56,0,1.0,1.0,8,8,5
919,51,53,yeaz,8,0,56,0,1.0,1.0,8,8,10
920,51,54,yeaz,8,0,56,0,1.0,1.0,8,8,15
921,51,55,yeaz,8,0,56,0,1.0,1.0,8,8,20
922,52,53,yeaz,8,0,56,0,1.0,1.0,8,8,5
923,52,54,yeaz,8,0,56,0,1.0,1.0,8,8,10
924,52,55,yeaz,8,0,56,0,1.0,1.0,8,8,15
925,52,56,yeaz,8,0,56,0,1.0,1.0,8,8,20
926,53,54,yeaz,8,0,56,0,1.0,1.0,8,8,5
927,53,55,yeaz,8,0,56,0,1.0,1.0,8,8,10
928,53,56,yeaz,8,0,56,0,1.0,1.0,8,8,15
929,53,57,yeaz,8,0,56,0,1.0,1.0,8,8,20
930,54,55,yeaz,8,0,56,0,1.0,1.0,8,8,5
931,54,56,yeaz,8,0,56,0,1.0,1.0,8,8,10
932,54,57,yeaz,8,0,56,0,1.0,1.0,8,8,15
933,54,58,yeaz,8,0,56,0,1.0,1.0,8,8,20
934,55,56,yeaz,8,0,56,0,1.0,1.0,8,8,5
935,55,57,yeaz,8,0,56,0,1.0,1.0,8,8,10
936,55,58,yeaz,8,0,56,0,1.0,1.0,8,8,15
937,55,59,yeaz,8,0,56,0,1.0,1.0,8,8,20
938,56,57,yeaz,8,0,56,0,1.0,1.0,8,8,5
939,56,58,yeaz,8,0,56,0,1.0,1.0,8,8,10
940,56,59,yeaz,8,0,56,0,1.0,1.0,8,8,15
941,56,60,yeaz,8,0,56,0,1.0,1.0,8,8,20
942,57,58,yeaz,8,0,56,0,1.0,1.0,8,8,5
943,57,59,yeaz,8,0,56,0,1.0,1.0,8,8,10
944,57,60,yeaz,8,0,56,0,1.0,1.0,8,8,15
945,57,61,yeaz,8,0,56,0,1.0,1.0,8,8,20
946,58,59,yeaz,8,0,56,0,1.0,1.0,8,8,5
947,58,60,yeaz,8,0,56,0,1.0,1.0,8,8,10
948,58,61,yeaz,8,0,56,0,1.0,1.0,8,8,15
949,58,62,yeaz,8,0,56,0,1.0,1.0,8,8,20
950,59,60,yeaz,8,0,56,0,1.0,1.0,8,8,5
951,59,61,yeaz,8,0,56,0,1.0,1.0,8,8,10
952,59,62,yeaz,8,0,56,0,1.0,1.0,8,8,15
953,59,63,yeaz,8,0,64,0,1.0,1.0,8,9,20
954,60,61,yeaz,8,0,56,0,1.0,1.0,8,8,5
955,60,62,yeaz,8,0,56,0,1.0,1.0,8,8,10
956,60,63,yeaz,8,0,64,0,1.0,1.0,8,9,15
957,60,64,yeaz,8,0,64,0,1.0,1.0,8,9,20
958,61,62,yeaz,8,0,56,0,1.0,1.0,8,8,5
959,61,63,yeaz,8,0,64,0,1.0,1.0,8,9,10
960,61,64,yeaz,8,0,64,0,1.0,1.0,8,9,15
961,61,65,yeaz,8,0,64,0,1.0,1.0,8,9,20
962,62,63,yeaz,8,0,64,0,1.0,1.0,8,9,5
963,62,64,yeaz,8,0,64,0,1.0,1.0,8,9,10
964,62,65,yeaz,8,0,64,0,1.0,1.0,8,9,15
965,62,66,yeaz,8,0,64,0,1.0,1.0,8,9,20
966,63,64,yeaz,9,0,72,0,1.0,1.0,9,9,5
967,63,65,yeaz,9,0,72,0,1.0,1.0,9,9,10
968,63,66,yeaz,9,0,72,0,1.0,1.0,9,9,15
969,63,67,yeaz,9,0,72,0,1.0,1.0,9,9,20
970,64,65,yeaz,9,0,72,0,1.0,1.0,9,9,5
971,64,66,yeaz,9,0,72,0,1.0,1.0,9,9,10
972,64,67,yeaz,9,0,72,0,1.0,1.0,9,9,15
973,64,68,yeaz,9,0,72,0,1.0,1.0,9,9,20
974,65,66,yeaz,9,0,72,0,1.0,1.0,9,9,5
975,65,67,yeaz,9,0,72,0,1.0,1.0,9,9,10
976,65,68,yeaz,9,0,72,0,1.0,1.0,9,9,15
977,65,69,yeaz,9,0,72,0,1.0,1.0,9,9,20
978,66,67,yeaz,9,0,72,0,1.0,1.0,9,9,5
979,66,68,yeaz,9,0,72,0,1.0,1.0,9,9,10
980,66,69,yeaz,9,0,72,0,1.0,1.0,9,9,15
981,66,70,yeaz,9,0,72,0,1.0,1.0,9,9,20
982,67,68,yeaz,9,0,72,0,1.0,1.0,9,9,5
983,67,69,yeaz,9,0,72,0,1.0,1.0,9,9,10
984,67,70,yeaz,9,0,72,0,1.0,1.0,9,9,15
985,67,71,yeaz,9,0,72,0,1.0,1.0,9,9,20
986,68,69,yeaz,9,0,72,0,1.0,1.0,9,9,5
987,68,70,yeaz,9,0,72,0,1.0,1.0,9,9,10
988,68,71,yeaz,9,0,72,0,1.0,1.0,9,9,15
989,68,72,yeaz,9,0,72,0,1.0,1.0,9,9,20
990,69,70,yeaz,9,0,72,0,1.0,1.0,9,9,5
991,69,71,yeaz,9,0,72,0,1.0,1.0,9,9,10
992,69,72,yeaz,9,0,72,0,1.0,1.0,9,9,15
993,69,73,yeaz,9,0,72,0,1.0,1.0,9,9,20
994,70,71,yeaz,9,0,72,0,1.0,1.0,9,9,5
995,70,72,yeaz,9,0,72,0,1.0,1.0,9,9,10
996,70,73,yeaz,9,0,72,0,1.0,1.0,9,9,15
997,70,74,yeaz,9,0,81,0,1.0,1.0,9,10,20
998,71,72,yeaz,9,0,72,0,1.0,1.0,9,9,5
999,71,73,yeaz,9,0,72,0,1.0,1.0,9,9,10
1000,71,74,yeaz,9,0,81,0,1.0,1.0,9,10,15
1001,71,75,yeaz,9,0,81,0,1.0,1.0,9,10,20
1002,72,73,yeaz,9,0,72,0,1.0,1.0,9,9,5
1003,72,74,yeaz,9,0,81,0,1.0,1.0,9,10,10
1004,72,75,yeaz,9,0,81,0,1.0,1.0,9,10,15
1005,72,76,yeaz,9,0,81,0,1.0,1.0,9,10,20
1006,73,74,yeaz,9,0,81,0,1.0,1.0,9,10,5
1007,73,75,yeaz,9,0,81,0,1.0,1.0,9,10,10
1008,73,76,yeaz,9,0,81,0,1.0,1.0,9,10,15
1009,73,77,yeaz,9,0,81,0,1.0,1.0,9,10,20
1010,74,75,yeaz,10,0,90,0,1.0,1.0,10,10,5
1011,74,76,yeaz,10,0,90,0,1.0,1.0,10,10,10
1012,74,77,yeaz,10,0,90,0,1.0,1.0,10,10,15
1013,74,78,yeaz,10,0,90,0,1.0,1.0,10,10,20
1014,75,76,yeaz,10,0,90,0,1.0,1.0,10,10,5
1015,75,77,yeaz,10,0,90,0,1.0,1.0,10,10,10
1016,75,78,yeaz,10,0,90,0,1.0,1.0,10,10,15
1017,75,79,yeaz,10,0,90,0,1.0,1.0,10,10,20
1018,76,77,yeaz,10,0,90,0,1.0,1.0,10,10,5
1019,76,78,yeaz,10,0,90,0,1.0,1.0,10,10,10
1020,76,79,yeaz,10,0,90,0,1.0,1.0,10,10,15
1021,76,80,yeaz,10,0,90,0,1.0,1.0,10,10,20
1022,77,78,yeaz,10,0,90,0,1.0,1.0,10,10,5
1023,77,79,yeaz,10,0,90,0,1.0,1.0,10,10,10
1024,77,80,yeaz,10,0,90,0,1.0,1.0,10,10,15
1025,77,81,yeaz,10,0,90,0,1.0,1.0,10,10,20
1026,78,79,yeaz,10,0,90,0,1.0,1.0,10,10,5
1027,78,80,yeaz,10,0,90,0,1.0,1.0,10,10,10
1028,78,81,yeaz,10,0,90,0,1.0,1.0,10,10,15
1029,78,82,yeaz,10,0,90,0,1.0,1.0,10,10,20
1030,79,80,yeaz,10,0,90,0,1.0,1.0,10,10,5
1031,79,81,yeaz,10,0,90,0,1.0,1.0,10,10,10
1032,79,82,yeaz,10,0,90,0,1.0,1.0,10,10,15
1033,79,83,yeaz,10,0,90,0,1.0,1.0,10,10,20
1034,80,81,yeaz,10,0,90,0,1.0,1.0,10,10,5
1035,80,82,yeaz,10,0,90,0,1.0,1.0,10,10,10
1036,80,83,yeaz,10,0,90,0,1.0,1.0,10,10,15
1037,80,84,yeaz,10,0,90,0,1.0,1.0,10,10,20
1038,81,82,yeaz,10,0,90,0,1.0,1.0,10,10,5
1039,81,83,yeaz,10,0,90,0,1.0,1.0,10,10,10
1040,81,84,yeaz,10,0,90,0,1.0,1.0,10,10,15
1041,81,85,yeaz,10,0,90,0,1.0,1.0,10,10,20
1042,82,83,yeaz,10,0,90,0,1.0,1.0,10,10,5
1043,82,84,yeaz,10,0,90,0,1.0,1.0,10,10,10
1044,82,85,yeaz,10,0,90,0,1.0,1.0,10,10,15
1045,82,86,yeaz,10,0,90,0,1.0,1.0,10,10,20
1046,83,84,yeaz,10,0,90,0,1.0,1.0,10,10,5
1047,83,85,yeaz,10,0,90,0,1.0,1.0,10,10,10
1048,83,86,yeaz,10,0,90,0,1.0,1.0,10,10,15
1049,83,87,yeaz,10,0,90,0,1.0,1.0,10,10,20
1050,84,85,yeaz,10,0,90,0,1.0,1.0,10,10,5
1051,84,86,yeaz,10,0,90,0,1.0,1.0,10,10,10
1052,84,87,yeaz,10,0,90,0,1.0,1.0,10,10,15
1053,84,88,yeaz,10,0,100,0,1.0,1.0,10,11,20
1054,85,86,yeaz,10,0,90,0,1.0,1.0,10,10,5
1055,85,87,yeaz,10,0,90,0,1.0,1.0,10,10,10
1056,85,88,yeaz,10,0,100,0,1.0,1.0,10,11,15
1057,85,89,yeaz,10,0,100,0,1.0,1.0,10,11,20
1058,86,87,yeaz,10,0,90,0,1.0,1.0,10,10,5
1059,86,88,yeaz,10,0,100,0,1.0,1.0,10,11,10
1060,86,89,yeaz,10,0,100,0,1.0,1.0,10,11,15
1061,86,90,yeaz,10,0,100,0,1.0,1.0,10,11,20
1062,87,88,yeaz,10,0,100,0,1.0,1.0,10,11,5
1063,87,89,yeaz,10,0,100,0,1.0,1.0,10,11,10
1064,87,90,yeaz,10,0,100,0,1.0,1.0,10,11,15
1065,87,91,yeaz,10,0,100,0,1.0,1.0,10,11,20
1066,88,89,yeaz,11,0,110,0,1.0,1.0,11,11,5
1067,88,90,yeaz,11,0,110,0,1.0,1.0,11,11,10
1068,88,91,yeaz,11,0,110,0,1.0,1.0,11,11,15
1069,88,92,yeaz,11,0,110,0,1.0,1.0,11,11,20
1070,89,90,yeaz,11,0,110,0,1.0,1.0,11,11,5
1071,89,91,yeaz,11,0,110,0,1.0,1.0,11,11,10
1072,89,92,yeaz,11,0,110,0,1.0,1.0,11,11,15
1073,89,93,yeaz,11,0,110,0,1.0,1.0,11,11,20
1074,90,91,yeaz,11,0,110,0,1.0,1.0,11,11,5
1075,90,92,yeaz,11,0,110,0,1.0,1.0,11,11,10
1076,90,93,yeaz,11,0,110,0,1.0,1.0,11,11,15
1077,90,94,yeaz,11,0,121,0,1.0,1.0,11,12,20
1078,91,92,yeaz,11,0,110,0,1.0,1.0,11,11,5
1079,91,93,yeaz,11,0,110,0,1.0,1.0,11,11,10
1080,91,94,yeaz,11,0,121,0,1.0,1.0,11,12,15
1081,91,95,yeaz,11,0,121,0,1.0,1.0,11,12,20
1082,92,93,yeaz,11,0,110,0,1.0,1.0,11,11,5
1083,92,94,yeaz,11,0,121,0,1.0,1.0,11,12,10
1084,92,95,yeaz,11,0,121,0,1.0,1.0,11,12,15
1085,92,96,yeaz,11,0,121,0,1.0,1.0,11,12,20
1086,93,94,yeaz,11,0,121,0,1.0,1.0,11,12,5
1087,93,95,yeaz,11,0,121,0,1.0,1.0,11,12,10
1088,93,96,yeaz,11,0,121,0,1.0,1.0,11,12,15
1089,93,97,yeaz,11,0,121,0,1.0,1.0,11,12,20
1090,94,95,yeaz,12,0,132,0,1.0,1.0,12,12,5
1091,94,96,yeaz,12,0,132,0,1.0,1.0,12,12,10
1092,94,97,yeaz,12,0,132,0,1.0,1.0,12,12,15
1093,94,98,yeaz,12,0,132,0,1.0,1.0,12,12,20
1094,95,96,yeaz,12,0,132,0,1.0,1.0,12,12,5
1095,95,97,yeaz,12,0,132,0,1.0,1.0,12,12,10
1096,95,98,yeaz,12,0,132,0,1.0,1.0,12,12,15
1097,95,99,yeaz,12,0,132,0,1.0,1.0,12,12,20
1098,96,97,yeaz,12,0,132,0,1.0,1.0,12,12,5
1099,96,98,yeaz,12,0,132,0,1.0,1.0,12,12,10
1100,96,99,yeaz,12,0,132,0,1.0,1.0,12,12,15
1101,96,100,yeaz,12,0,144,0,1.0,1.0,12,13,20
1102,97,98,yeaz,12,0,132,0,1.0,1.0,12,12,5
1103,97,99,yeaz,12,0,132,0,1.0,1.0,12,12,10
1104,97,100,yeaz,12,0,144,0,1.0,1.0,12,13,15
1105,97,101,yeaz,12,0,156,0,1.0,1.0,12,14,20
1106,98,99,yeaz,12,0,132,0,1.0,1.0,12,12,5
1107,98,100,yeaz,12,0,144,0,1.0,1.0,12,13,10
1108,98,101,yeaz,12,0,156,0,1.0,1.0,12,14,15
1109,98,102,yeaz,12,0,156,0,1.0,1.0,12,14,20
1110,99,100,yeaz,12,0,144,0,1.0,1.0,12,13,5
1111,99,101,yeaz,12,0,156,0,1.0,1.0,12,14,10
1112,99,102,yeaz,12,0,156,0,1.0,1.0,12,14,15
1113,99,103,yeaz,12,0,156,0,1.0,1.0,12,14,20
1114,100,101,yeaz,13,0,169,0,1.0,1.0,13,14,5
1115,100,102,yeaz,13,0,169,0,1.0,1.0,13,14,10
1116,100,103,yeaz,13,0,169,0,1.0,1.0,13,14,15
1117,100,104,yeaz,13,0,169,0,1.0,1.0,13,14,20
1118,101,102,yeaz,14,0,182,0,1.0,1.0,14,14,5
1119,101,103,yeaz,14,0,182,0,1.0,1.0,14,14,10
1120,101,104,yeaz,14,0,182,0,1.0,1.0,14,14,15
1121,101,105,yeaz,14,0,182,0,1.0,1.0,14,14,20
1122,102,103,yeaz,14,0,182,0,1.0,1.0,14,14,5
1123,102,104,yeaz,14,0,182,0,1.0,1.0,14,14,10
1124,102,105,yeaz,14,0,182,0,1.0,1.0,14,14,15
1125,102,106,yeaz,14,0,182,0,1.0,1.0,14,14,20
1126,103,104,yeaz,14,0,182,0,1.0,1.0,14,14,5
1127,103,105,yeaz,14,0,182,0,1.0,1.0,14,14,10
1128,103,106,yeaz,14,0,182,0,1.0,1.0,14,14,15
1129,103,107,yeaz,14,0,182,0,1.0,1.0,14,14,20
1130,104,105,yeaz,14,0,182,0,1.0,1.0,14,14,5
1131,104,106,yeaz,14,0,182,0,1.0,1.0,14,14,10
1132,104,107,yeaz,14,0,182,0,1.0,1.0,14,14,15
1133,104,108,yeaz,14,0,182,0,1.0,1.0,14,14,20
1134,105,106,yeaz,14,0,182,0,1.0,1.0,14,14,5
1135,105,107,yeaz,14,0,182,0,1.0,1.0,14,14,10
1136,105,108,yeaz,14,0,182,0,1.0,1.0,14,14,15
1137,105,109,yeaz,14,0,182,0,1.0,1.0,14,14,20
1138,106,107,yeaz,14,0,182,0,1.0,1.0,14,14,5
1139,106,108,yeaz,14,0,182,0,1.0,1.0,14,14,10
1140,106,109,yeaz,14,0,182,0,1.0,1.0,14,14,15
1141,106,110,yeaz,14,0,182,0,1.0,1.0,14,14,20
1142,107,108,yeaz,14,0,182,0,1.0,1.0,14,14,5
1143,107,109,yeaz,14,0,182,0,1.0,1.0,14,14,10
1144,107,110,yeaz,14,0,182,0,1.0,1.0,14,14,15
1145,107,111,yeaz,14,0,182,0,1.0,1.0,14,14,20
1146,108,109,yeaz,14,0,182,0,1.0,1.0,14,14,5
1147,108,110,yeaz,14,0,182,0,1.0,1.0,14,14,10
1148,108,111,yeaz,14,0,182,0,1.0,1.0,14,14,15
1149,108,112,yeaz,14,0,196,0,1.0,1.0,14,15,20
1150,109,110,yeaz,14,0,182,0,1.0,1.0,14,14,5
1151,109,111,yeaz,14,0,182,0,1.0,1.0,14,14,10
1152,109,112,yeaz,14,0,196,0,1.0,1.0,14,15,15
1153,109,113,yeaz,14,0,196,0,1.0,1.0,14,15,20
1154,110,111,yeaz,14,0,182,0,1.0,1.0,14,14,5
1155,110,112,yeaz,14,0,196,0,1.0,1.0,14,15,10
1156,110,113,yeaz,14,0,196,0,1.0,1.0,14,15,15
1157,110,114,yeaz,14,0,196,0,1.0,1.0,14,15,20
1158,111,112,yeaz,14,0,196,0,1.0,1.0,14,15,5
1159,111,113,yeaz,14,0,196,0,1.0,1.0,14,15,10
1160,111,114,yeaz,14,0,196,0,1.0,1.0,14,15,15
1161,111,115,yeaz,14,0,196,0,1.0,1.0,14,15,20
1162,112,113,yeaz,15,0,210,0,1.0,1.0,15,15,5
1163,112,114,yeaz,15,0,210,0,1.0,1.0,15,15,10
1164,112,115,yeaz,15,0,210,0,1.0,1.0,15,15,15
1165,112,116,yeaz,13,2,238,2,0.984313725490196,0.8666666666666667,15,17,20
1166,113,114,yeaz,15,0,210,0,1.0,1.0,15,15,5
1167,113,115,yeaz,15,0,210,0,1.0,1.0,15,15,10
1168,113,116,yeaz,13,2,238,2,0.984313725490196,0.8666666666666667,15,17,15
1169,113,117,yeaz,13,2,253,2,0.9851851851851852,0.8666666666666667,15,18,20
1170,114,115,yeaz,15,0,210,0,1.0,1.0,15,15,5
1171,114,116,yeaz,13,2,238,2,0.984313725490196,0.8666666666666667,15,17,10
1172,114,117,yeaz,13,2,253,2,0.9851851851851852,0.8666666666666667,15,18,15
1173,114,118,yeaz,13,2,253,2,0.9851851851851852,0.8666666666666667,15,18,20
1174,115,116,yeaz,13,2,238,2,0.984313725490196,0.8666666666666667,15,17,5
1175,115,117,yeaz,13,2,253,2,0.9851851851851852,0.8666666666666667,15,18,10
1176,115,118,yeaz,13,2,253,2,0.9851851851851852,0.8666666666666667,15,18,15
1177,115,119,yeaz,13,2,253,2,0.9851851851851852,0.8666666666666667,15,18,20
1178,116,117,yeaz,17,0,289,0,1.0,1.0,17,18,5
1179,116,118,yeaz,17,0,289,0,1.0,1.0,17,18,10
1180,116,119,yeaz,17,0,289,0,1.0,1.0,17,18,15
1181,116,120,yeaz,17,0,306,0,1.0,1.0,17,19,20
1182,117,118,yeaz,18,0,306,0,1.0,1.0,18,18,5
1183,117,119,yeaz,18,0,306,0,1.0,1.0,18,18,10
1184,117,120,yeaz,18,0,324,0,1.0,1.0,18,19,15
1185,117,121,yeaz,17,1,359,1,0.9947089947089947,0.9444444444444444,18,21,20
1186,118,119,yeaz,18,0,306,0,1.0,1.0,18,18,5
1187,118,120,yeaz,18,0,324,0,1.0,1.0,18,19,10
1188,118,121,yeaz,17,1,359,1,0.9947089947089947,0.9444444444444444,18,21,15
1189,118,122,yeaz,17,1,359,1,0.9947089947089947,0.9444444444444444,18,21,20
1190,119,120,yeaz,18,0,324,0,1.0,1.0,18,19,5
1191,119,121,yeaz,18,0,360,0,1.0,1.0,18,21,10
1192,119,122,yeaz,18,0,360,0,1.0,1.0,18,21,15
1193,119,123,yeaz,17,1,359,1,0.9947089947089947,0.9444444444444444,18,21,20
1194,120,121,yeaz,19,0,380,0,1.0,1.0,19,21,5
1195,120,122,yeaz,19,0,380,0,1.0,1.0,19,21,10
1196,120,123,yeaz,19,0,380,0,1.0,1.0,19,21,15
1197,120,124,yeaz,19,0,380,0,1.0,1.0,19,21,20
1198,121,122,yeaz,21,0,420,0,1.0,1.0,21,21,5
1199,121,123,yeaz,21,0,420,0,1.0,1.0,21,21,10
1200,121,124,yeaz,21,0,420,0,1.0,1.0,21,21,15
1201,121,125,yeaz,21,0,420,0,1.0,1.0,21,21,20
1202,122,123,yeaz,21,0,420,0,1.0,1.0,21,21,5
1203,122,124,yeaz,21,0,420,0,1.0,1.0,21,21,10
1204,122,125,yeaz,21,0,420,0,1.0,1.0,21,21,15
1205,122,126,yeaz,21,0,420,0,1.0,1.0,21,21,20
1206,123,124,yeaz,21,0,420,0,1.0,1.0,21,21,5
1207,123,125,yeaz,21,0,420,0,1.0,1.0,21,21,10
1208,123,126,yeaz,21,0,420,0,1.0,1.0,21,21,15
1209,123,127,yeaz,21,0,441,0,1.0,1.0,21,22,20
1210,124,125,yeaz,21,0,420,0,1.0,1.0,21,21,5
1211,124,126,yeaz,21,0,420,0,1.0,1.0,21,21,10
1212,124,127,yeaz,21,0,441,0,1.0,1.0,21,22,15
1213,124,128,yeaz,21,0,462,0,1.0,1.0,21,23,20
1214,125,126,yeaz,21,0,420,0,1.0,1.0,21,21,5
1215,125,127,yeaz,21,0,441,0,1.0,1.0,21,22,10
1216,125,128,yeaz,21,0,462,0,1.0,1.0,21,23,15
1217,125,129,yeaz,21,0,462,0,1.0,1.0,21,23,20
1218,126,127,yeaz,21,0,441,0,1.0,1.0,21,22,5
1219,126,128,yeaz,21,0,462,0,1.0,1.0,21,23,10
1220,126,129,yeaz,21,0,462,0,1.0,1.0,21,23,15
1221,126,130,yeaz,21,0,462,0,1.0,1.0,21,23,20
1222,127,128,yeaz,22,0,484,0,1.0,1.0,22,23,5
1223,127,129,yeaz,22,0,484,0,1.0,1.0,22,23,10
1224,127,130,yeaz,22,0,484,0,1.0,1.0,22,23,15
1225,127,131,yeaz,22,0,484,0,1.0,1.0,22,23,20
1226,128,129,yeaz,23,0,506,0,1.0,1.0,23,23,5
1227,128,130,yeaz,23,0,506,0,1.0,1.0,23,23,10
1228,128,131,yeaz,23,0,506,0,1.0,1.0,23,23,15
1229,128,132,yeaz,23,0,506,0,1.0,1.0,23,23,20
1230,129,130,yeaz,23,0,506,0,1.0,1.0,23,23,5
1231,129,131,yeaz,23,0,506,0,1.0,1.0,23,23,10
1232,129,132,yeaz,23,0,506,0,1.0,1.0,23,23,15
1233,129,133,yeaz,23,0,506,0,1.0,1.0,23,23,20
1234,130,131,yeaz,23,0,506,0,1.0,1.0,23,23,5
1235,130,132,yeaz,23,0,506,0,1.0,1.0,23,23,10
1236,130,133,yeaz,23,0,506,0,1.0,1.0,23,23,15
1237,130,134,yeaz,23,0,506,0,1.0,1.0,23,23,20
1238,131,132,yeaz,23,0,506,0,1.0,1.0,23,23,5
1239,131,133,yeaz,23,0,506,0,1.0,1.0,23,23,10
1240,131,134,yeaz,23,0,506,0,1.0,1.0,23,23,15
1241,131,135,yeaz,23,0,506,0,1.0,1.0,23,23,20
1242,132,133,yeaz,23,0,506,0,1.0,1.0,23,23,5
1243,132,134,yeaz,23,0,506,0,1.0,1.0,23,23,10
1244,132,135,yeaz,23,0,506,0,1.0,1.0,23,23,15
1245,132,136,yeaz,23,0,506,0,1.0,1.0,23,23,20
1246,133,134,yeaz,23,0,506,0,1.0,1.0,23,23,5
1247,133,135,yeaz,23,0,506,0,1.0,1.0,23,23,10
1248,133,136,yeaz,23,0,506,0,1.0,1.0,23,23,15
1249,133,137,yeaz,23,0,506,0,1.0,1.0,23,23,20
1250,134,135,yeaz,23,0,506,0,1.0,1.0,23,23,5
1251,134,136,yeaz,23,0,506,0,1.0,1.0,23,23,10
1252,134,137,yeaz,23,0,506,0,1.0,1.0,23,23,15
1253,134,138,yeaz,23,0,506,0,1.0,1.0,23,23,20
1254,135,136,yeaz,23,0,506,0,1.0,1.0,23,23,5
1255,135,137,yeaz,23,0,506,0,1.0,1.0,23,23,10
1256,135,138,yeaz,23,0,506,0,1.0,1.0,23,23,15
1257,135,139,yeaz,23,0,529,0,1.0,1.0,23,24,20
1258,136,137,yeaz,23,0,506,0,1.0,1.0,23,23,5
1259,136,138,yeaz,23,0,506,0,1.0,1.0,23,23,10
1260,136,139,yeaz,23,0,529,0,1.0,1.0,23,24,15
1261,136,140,yeaz,23,0,529,0,1.0,1.0,23,24,20
1262,137,138,yeaz,23,0,506,0,1.0,1.0,23,23,5
1263,137,139,yeaz,23,0,529,0,1.0,1.0,23,24,10
1264,137,140,yeaz,23,0,529,0,1.0,1.0,23,24,15
1265,137,141,yeaz,23,0,529,0,1.0,1.0,23,24,20
1266,138,139,yeaz,23,0,529,0,1.0,1.0,23,24,5
1267,138,140,yeaz,23,0,529,0,1.0,1.0,23,24,10
1268,138,141,yeaz,23,0,529,0,1.0,1.0,23,24,15
1269,138,142,yeaz,23,0,529,0,1.0,1.0,23,24,20
1270,139,140,yeaz,24,0,552,0,1.0,1.0,24,24,5
1271,139,141,yeaz,24,0,552,0,1.0,1.0,24,24,10
1272,139,142,yeaz,24,0,552,0,1.0,1.0,24,24,15
1273,139,143,yeaz,24,0,552,0,1.0,1.0,24,24,20
1274,140,141,yeaz,24,0,552,0,1.0,1.0,24,24,5
1275,140,142,yeaz,24,0,552,0,1.0,1.0,24,24,10
1276,140,143,yeaz,24,0,552,0,1.0,1.0,24,24,15
1277,140,144,yeaz,24,0,552,0,1.0,1.0,24,24,20
1278,141,142,yeaz,24,0,552,0,1.0,1.0,24,24,5
1279,141,143,yeaz,24,0,552,0,1.0,1.0,24,24,10
1280,141,144,yeaz,24,0,552,0,1.0,1.0,24,24,15
1281,141,145,yeaz,24,0,552,0,1.0,1.0,24,24,20
1282,142,143,yeaz,24,0,552,0,1.0,1.0,24,24,5
1283,142,144,yeaz,24,0,552,0,1.0,1.0,24,24,10
1284,142,145,yeaz,24,0,552,0,1.0,1.0,24,24,15
1285,142,146,yeaz,24,0,552,0,1.0,1.0,24,24,20
1286,143,144,yeaz,24,0,552,0,1.0,1.0,24,24,5
1287,143,145,yeaz,24,0,552,0,1.0,1.0,24,24,10
1288,143,146,yeaz,24,0,552,0,1.0,1.0,24,24,15
1289,143,147,yeaz,24,0,600,0,1.0,1.0,24,26,20
1290,144,145,yeaz,24,0,552,0,1.0,1.0,24,24,5
1291,144,146,yeaz,24,0,552,0,1.0,1.0,24,24,10
1292,144,147,yeaz,24,0,600,0,1.0,1.0,24,26,15
1293,144,148,yeaz,24,0,600,0,1.0,1.0,24,26,20
1294,145,146,yeaz,24,0,552,0,1.0,1.0,24,24,5
1295,145,147,yeaz,24,0,600,0,1.0,1.0,24,26,10
1296,145,148,yeaz,24,0,600,0,1.0,1.0,24,26,15
1297,145,149,yeaz,24,0,624,0,1.0,1.0,24,27,20
1298,146,147,yeaz,24,0,600,0,1.0,1.0,24,26,5
1299,146,148,yeaz,24,0,600,0,1.0,1.0,24,26,10
1300,146,149,yeaz,24,0,624,0,1.0,1.0,24,27,15
1301,146,150,yeaz,24,0,624,0,1.0,1.0,24,27,20
1302,147,148,yeaz,26,0,650,0,1.0,1.0,26,26,5
1303,147,149,yeaz,26,0,676,0,1.0,1.0,26,27,10
1304,147,150,yeaz,26,0,676,0,1.0,1.0,26,27,15
1305,147,151,yeaz,26,0,702,0,1.0,1.0,26,28,20
1306,148,149,yeaz,26,0,676,0,1.0,1.0,26,27,5
1307,148,150,yeaz,26,0,676,0,1.0,1.0,26,27,10
1308,148,151,yeaz,26,0,702,0,1.0,1.0,26,28,15
1309,148,152,yeaz,26,0,702,0,1.0,1.0,26,28,20
1310,149,150,yeaz,27,0,702,0,1.0,1.0,27,27,5
1311,149,151,yeaz,27,0,729,0,1.0,1.0,27,28,10
1312,149,152,yeaz,27,0,729,0,1.0,1.0,27,28,15
1313,149,153,yeaz,27,0,729,0,1.0,1.0,27,28,20
1314,150,151,yeaz,27,0,729,0,1.0,1.0,27,28,5
1315,150,152,yeaz,27,0,729,0,1.0,1.0,27,28,10
1316,150,153,yeaz,27,0,729,0,1.0,1.0,27,28,15
1317,150,154,yeaz,27,0,729,0,1.0,1.0,27,28,20
1318,151,152,yeaz,28,0,756,0,1.0,1.0,28,28,5
1319,151,153,yeaz,28,0,756,0,1.0,1.0,28,28,10
1320,151,154,yeaz,28,0,756,0,1.0,1.0,28,28,15
1321,151,155,yeaz,28,0,784,0,1.0,1.0,28,29,20
1322,152,153,yeaz,28,0,756,0,1.0,1.0,28,28,5
1323,152,154,yeaz,28,0,756,0,1.0,1.0,28,28,10
1324,152,155,yeaz,28,0,784,0,1.0,1.0,28,29,15
1325,152,156,yeaz,28,0,784,0,1.0,1.0,28,29,20
1326,153,154,yeaz,28,0,756,0,1.0,1.0,28,28,5
1327,153,155,yeaz,28,0,784,0,1.0,1.0,28,29,10
1328,153,156,yeaz,28,0,784,0,1.0,1.0,28,29,15
1329,153,157,yeaz,27,1,783,1,0.9975369458128078,0.9642857142857143,28,29,20
1330,154,155,yeaz,28,0,784,0,1.0,1.0,28,29,5
1331,154,156,yeaz,28,0,784,0,1.0,1.0,28,29,10
1332,154,157,yeaz,27,1,783,1,0.9975369458128078,0.9642857142857143,28,29,15
1333,154,158,yeaz,27,1,811,1,0.9976190476190476,0.9642857142857143,28,30,20
1334,155,156,yeaz,29,0,812,0,1.0,1.0,29,29,5
1335,155,157,yeaz,29,0,812,0,1.0,1.0,29,29,10
1336,155,158,yeaz,29,0,841,0,1.0,1.0,29,30,15
1337,155,159,yeaz,28,1,869,1,0.9977753058954394,0.9655172413793104,29,31,20
1338,156,157,yeaz,29,0,812,0,1.0,1.0,29,29,5
1339,156,158,yeaz,29,0,841,0,1.0,1.0,29,30,10
1340,156,159,yeaz,28,1,869,1,0.9977753058954394,0.9655172413793104,29,31,15
1341,156,160,yeaz,28,1,869,1,0.9977753058954394,0.9655172413793104,29,31,20
1342,157,158,yeaz,29,0,841,0,1.0,1.0,29,30,5
1343,157,159,yeaz,28,1,869,1,0.9977753058954394,0.9655172413793104,29,31,10
1344,157,160,yeaz,28,1,869,1,0.9977753058954394,0.9655172413793104,29,31,15
1345,157,161,yeaz,28,1,869,1,0.9977753058954394,0.9655172413793104,29,31,20
1346,158,159,yeaz,30,0,900,0,1.0,1.0,30,31,5
1347,158,160,yeaz,27,3,897,3,0.9935483870967742,0.9,30,31,10
1348,158,161,yeaz,28,2,898,2,0.9956989247311828,0.9333333333333333,30,31,15
1349,158,162,yeaz,29,1,959,1,0.997979797979798,0.9666666666666667,30,33,20
1350,159,160,yeaz,31,0,930,0,1.0,1.0,31,31,5
1351,159,161,yeaz,31,0,930,0,1.0,1.0,31,31,10
1352,159,162,yeaz,31,0,992,0,1.0,1.0,31,33,15
1353,159,163,yeaz,31,0,992,0,1.0,1.0,31,33,20
1354,160,161,yeaz,31,0,930,0,1.0,1.0,31,31,5
1355,160,162,yeaz,31,0,992,0,1.0,1.0,31,33,10
1356,160,163,yeaz,31,0,992,0,1.0,1.0,31,33,15
1357,160,164,yeaz,27,4,1019,4,0.9924098671726755,0.8709677419354839,31,34,20
1358,161,162,yeaz,31,0,992,0,1.0,1.0,31,33,5
1359,161,163,yeaz,31,0,992,0,1.0,1.0,31,33,10
1360,161,164,yeaz,27,4,1019,4,0.9924098671726755,0.8709677419354839,31,34,15
1361,161,165,yeaz,28,3,1020,3,0.9943074003795066,0.9032258064516129,31,34,20
1362,162,163,yeaz,33,0,1056,0,1.0,1.0,33,33,5
1363,162,164,yeaz,29,4,1085,4,0.9928698752228164,0.8787878787878788,33,34,10
1364,162,165,yeaz,30,3,1086,3,0.9946524064171123,0.9090909090909091,33,34,15
1365,162,166,yeaz,32,1,1121,1,0.9982683982683983,0.9696969696969697,33,35,20
1366,163,164,yeaz,29,4,1085,4,0.9928698752228164,0.8787878787878788,33,34,5
1367,163,165,yeaz,30,3,1086,3,0.9946524064171123,0.9090909090909091,33,34,10
1368,163,166,yeaz,32,1,1121,1,0.9982683982683983,0.9696969696969697,33,35,15
1369,163,167,yeaz,32,1,1121,1,0.9982683982683983,0.9696969696969697,33,35,20
1370,164,165,yeaz,34,0,1122,0,1.0,1.0,34,34,5
1371,164,166,yeaz,34,0,1156,0,1.0,1.0,34,35,10
1372,164,167,yeaz,34,0,1156,0,1.0,1.0,34,35,15
1373,164,168,yeaz,34,0,1156,0,1.0,1.0,34,35,20
1374,165,166,yeaz,34,0,1156,0,1.0,1.0,34,35,5
1375,165,167,yeaz,34,0,1156,0,1.0,1.0,34,35,10
1376,165,168,yeaz,34,0,1156,0,1.0,1.0,34,35,15
1377,165,169,yeaz,34,0,1190,0,1.0,1.0,34,36,20
1378,166,167,yeaz,35,0,1190,0,1.0,1.0,35,35,5
1379,166,168,yeaz,35,0,1190,0,1.0,1.0,35,35,10
1380,166,169,yeaz,35,0,1225,0,1.0,1.0,35,36,15
1381,166,170,yeaz,35,0,1225,0,1.0,1.0,35,36,20
1382,167,168,yeaz,35,0,1190,0,1.0,1.0,35,35,5
1383,167,169,yeaz,35,0,1225,0,1.0,1.0,35,36,10
1384,167,170,yeaz,35,0,1225,0,1.0,1.0,35,36,15
1385,167,171,yeaz,35,0,1225,0,1.0,1.0,35,36,20
1386,168,169,yeaz,35,0,1225,0,1.0,1.0,35,36,5
1387,168,170,yeaz,35,0,1225,0,1.0,1.0,35,36,10
1388,168,171,yeaz,35,0,1225,0,1.0,1.0,35,36,15
1389,168,172,yeaz,33,2,1223,2,0.9968253968253968,0.9428571428571428,35,36,20
1390,169,170,yeaz,36,0,1260,0,1.0,1.0,36,36,5
1391,169,171,yeaz,36,0,1260,0,1.0,1.0,36,36,10
1392,169,172,yeaz,34,2,1258,2,0.9969135802469136,0.9444444444444444,36,36,15
1393,169,173,yeaz,34,2,1258,2,0.9969135802469136,0.9444444444444444,36,36,20
1394,170,171,yeaz,36,0,1260,0,1.0,1.0,36,36,5
1395,170,172,yeaz,34,2,1258,2,0.9969135802469136,0.9444444444444444,36,36,10
1396,170,173,yeaz,34,2,1258,2,0.9969135802469136,0.9444444444444444,36,36,15
1397,170,174,yeaz,34,2,1258,2,0.9969135802469136,0.9444444444444444,36,36,20
1398,171,172,yeaz,34,2,1258,2,0.9969135802469136,0.9444444444444444,36,36,5
1399,171,173,yeaz,34,2,1258,2,0.9969135802469136,0.9444444444444444,36,36,10
1400,171,174,yeaz,34,2,1258,2,0.9969135802469136,0.9444444444444444,36,36,15
1401,171,175,yeaz,34,2,1294,2,0.996996996996997,0.9444444444444444,36,37,20
1402,172,173,yeaz,36,0,1260,0,1.0,1.0,36,36,5
1403,172,174,yeaz,36,0,1260,0,1.0,1.0,36,36,10
1404,172,175,yeaz,36,0,1296,0,1.0,1.0,36,37,15
1405,172,176,yeaz,34,2,1294,2,0.996996996996997,0.9444444444444444,36,37,20
1406,173,174,yeaz,36,0,1260,0,1.0,1.0,36,36,5
1407,173,175,yeaz,36,0,1296,0,1.0,1.0,36,37,10
1408,173,176,yeaz,34,2,1294,2,0.996996996996997,0.9444444444444444,36,37,15
1409,173,177,yeaz,34,2,1294,2,0.996996996996997,0.9444444444444444,36,37,20
1410,174,175,yeaz,36,0,1296,0,1.0,1.0,36,37,5
1411,174,176,yeaz,35,1,1295,1,0.9984984984984985,0.9722222222222222,36,37,10
1412,174,177,yeaz,34,2,1294,2,0.996996996996997,0.9444444444444444,36,37,15
1413,174,178,yeaz,34,2,1330,2,0.9970760233918129,0.9444444444444444,36,38,20
1414,175,176,yeaz,37,0,1332,0,1.0,1.0,37,37,5
1415,175,177,yeaz,37,0,1332,0,1.0,1.0,37,37,10
1416,175,178,yeaz,37,0,1369,0,1.0,1.0,37,38,15
1417,175,179,yeaz,37,0,1369,0,1.0,1.0,37,38,20
1418,176,177,yeaz,37,0,1332,0,1.0,1.0,37,37,5
1419,176,178,yeaz,37,0,1369,0,1.0,1.0,37,38,10
1420,176,179,yeaz,37,0,1369,0,1.0,1.0,37,38,15
1421,176,180,yeaz,37,0,1369,0,1.0,1.0,37,38,20
1422,177,178,yeaz,37,0,1369,0,1.0,1.0,37,38,5
1423,177,179,yeaz,37,0,1369,0,1.0,1.0,37,38,10
1424,177,180,yeaz,37,0,1369,0,1.0,1.0,37,38,15
1425,178,179,yeaz,38,0,1406,0,1.0,1.0,38,38,5
1426,178,180,yeaz,38,0,1406,0,1.0,1.0,38,38,10
1427,179,180,yeaz,38,0,1406,0,1.0,1.0,38,38,5
1428,0,1,tracx,2,0,2,0,1.0,1.0,2,2,5
1429,1,2,tracx,2,0,2,0,1.0,1.0,2,2,5
1430,2,3,tracx,2,0,4,0,1.0,1.0,2,3,5
1431,3,4,tracx,2,0,6,1,0.8888888888888888,0.8,3,3,5
1432,4,5,tracx,3,0,6,0,1.0,1.0,3,3,5
1433,5,6,tracx,3,0,6,0,1.0,1.0,3,3,5
1434,6,7,tracx,3,0,6,0,1.0,1.0,3,3,5
1435,7,8,tracx,3,0,6,0,1.0,1.0,3,3,5
1436,8,9,tracx,3,0,6,0,1.0,1.0,3,3,5
1437,9,10,tracx,3,0,6,0,1.0,1.0,3,3,5
1438,10,11,tracx,3,0,6,0,1.0,1.0,3,3,5
1439,11,12,tracx,3,0,6,0,1.0,1.0,3,3,5
1440,12,13,tracx,3,0,6,0,1.0,1.0,3,3,5
1441,13,14,tracx,3,0,6,0,1.0,1.0,3,3,5
1442,14,15,tracx,3,0,6,0,1.0,1.0,3,3,5
1443,15,16,tracx,3,0,6,0,1.0,1.0,3,3,5
1444,16,17,tracx,3,0,6,0,1.0,1.0,3,3,5
1445,17,18,tracx,3,0,6,0,1.0,1.0,3,3,5
1446,18,19,tracx,3,0,6,0,1.0,1.0,3,3,5
1447,19,20,tracx,3,0,6,0,1.0,1.0,3,3,5
1448,20,21,tracx,3,0,6,0,1.0,1.0,3,3,5
1449,21,22,tracx,3,0,6,0,1.0,1.0,3,3,5
1450,22,23,tracx,3,0,9,0,1.0,1.0,3,4,5
1451,23,24,tracx,4,0,12,0,1.0,1.0,4,4,5
1452,24,25,tracx,4,0,12,0,1.0,1.0,4,4,5
1453,25,26,tracx,4,0,12,0,1.0,1.0,4,4,5
1454,26,27,tracx,4,0,12,0,1.0,1.0,4,4,5
1455,27,28,tracx,4,0,12,0,1.0,1.0,4,4,5
1456,28,29,tracx,4,0,12,0,1.0,1.0,4,4,5
1457,29,30,tracx,4,0,16,0,1.0,1.0,4,5,5
1458,30,31,tracx,5,0,20,0,1.0,1.0,5,5,5
1459,31,32,tracx,5,0,20,0,1.0,1.0,5,5,5
1460,32,33,tracx,5,0,20,0,1.0,1.0,5,5,5
1461,33,34,tracx,5,0,25,0,1.0,1.0,5,6,5
1462,34,35,tracx,6,0,30,0,1.0,1.0,6,6,5
1463,35,36,tracx,6,0,30,0,1.0,1.0,6,6,5
1464,36,37,tracx,6,0,30,0,1.0,1.0,6,6,5
1465,37,38,tracx,6,0,30,0,1.0,1.0,6,6,5
1466,38,39,tracx,6,0,36,0,1.0,1.0,6,7,5
1467,39,40,tracx,6,0,42,1,0.9795918367346939,0.9230769230769231,7,7,5
1468,40,41,tracx,7,0,42,0,1.0,1.0,7,7,5
1469,41,42,tracx,7,0,42,0,1.0,1.0,7,7,5
1470,42,43,tracx,7,0,42,0,1.0,1.0,7,7,5
1471,43,44,tracx,7,0,42,0,1.0,1.0,7,7,5
1472,44,45,tracx,7,0,42,0,1.0,1.0,7,7,5
1473,45,46,tracx,7,0,42,0,1.0,1.0,7,7,5
1474,46,47,tracx,7,0,42,0,1.0,1.0,7,7,5
1475,47,48,tracx,7,0,49,0,1.0,1.0,7,8,5
1476,48,49,tracx,7,0,56,1,0.984375,0.9333333333333333,8,8,5
1477,49,50,tracx,8,0,56,0,1.0,1.0,8,8,5
1478,50,51,tracx,8,0,56,0,1.0,1.0,8,8,5
1479,51,52,tracx,8,0,56,0,1.0,1.0,8,8,5
1480,52,53,tracx,8,0,56,0,1.0,1.0,8,8,5
1481,53,54,tracx,8,0,56,0,1.0,1.0,8,8,5
1482,54,55,tracx,8,0,56,0,1.0,1.0,8,8,5
1483,55,56,tracx,8,0,56,0,1.0,1.0,8,8,5
1484,56,57,tracx,8,0,56,0,1.0,1.0,8,8,5
1485,57,58,tracx,8,0,56,0,1.0,1.0,8,8,5
1486,58,59,tracx,8,0,56,0,1.0,1.0,8,8,5
1487,59,60,tracx,8,0,56,0,1.0,1.0,8,8,5
1488,60,61,tracx,8,0,56,0,1.0,1.0,8,8,5
1489,61,62,tracx,8,0,56,0,1.0,1.0,8,8,5
1490,62,63,tracx,8,0,64,0,1.0,1.0,8,9,5
1491,63,64,tracx,9,0,72,0,1.0,1.0,9,9,5
1492,64,65,tracx,9,0,72,0,1.0,1.0,9,9,5
1493,65,66,tracx,9,0,72,0,1.0,1.0,9,9,5
1494,66,67,tracx,9,0,72,0,1.0,1.0,9,9,5
1495,67,68,tracx,9,0,72,0,1.0,1.0,9,9,5
1496,68,69,tracx,9,0,72,0,1.0,1.0,9,9,5
1497,69,70,tracx,9,0,72,0,1.0,1.0,9,9,5
1498,70,71,tracx,9,0,72,0,1.0,1.0,9,9,5
1499,71,72,tracx,9,0,72,0,1.0,1.0,9,9,5
1500,72,73,tracx,9,0,72,0,1.0,1.0,9,9,5
1501,73,74,tracx,9,0,81,0,1.0,1.0,9,10,5
1502,74,75,tracx,10,0,90,0,1.0,1.0,10,10,5
1503,75,76,tracx,10,0,90,0,1.0,1.0,10,10,5
1504,76,77,tracx,10,0,90,0,1.0,1.0,10,10,5
1505,77,78,tracx,10,0,90,0,1.0,1.0,10,10,5
1506,78,79,tracx,10,0,90,0,1.0,1.0,10,10,5
1507,79,80,tracx,10,0,90,0,1.0,1.0,10,10,5
1508,80,81,tracx,10,0,90,0,1.0,1.0,10,10,5
1509,81,82,tracx,10,0,90,0,1.0,1.0,10,10,5
1510,82,83,tracx,10,0,90,0,1.0,1.0,10,10,5
1511,83,84,tracx,10,0,90,0,1.0,1.0,10,10,5
1512,84,85,tracx,10,0,90,0,1.0,1.0,10,10,5
1513,85,86,tracx,10,0,90,0,1.0,1.0,10,10,5
1514,86,87,tracx,10,0,90,0,1.0,1.0,10,10,5
1515,87,88,tracx,10,0,100,0,1.0,1.0,10,11,5
1516,88,89,tracx,11,0,110,0,1.0,1.0,11,11,5
1517,89,90,tracx,11,0,110,0,1.0,1.0,11,11,5
1518,90,91,tracx,11,0,110,0,1.0,1.0,11,11,5
1519,91,92,tracx,11,0,110,0,1.0,1.0,11,11,5
1520,92,93,tracx,11,0,110,0,1.0,1.0,11,11,5
1521,93,94,tracx,11,0,121,0,1.0,1.0,11,12,5
1522,94,95,tracx,12,0,132,0,1.0,1.0,12,12,5
1523,95,96,tracx,12,0,132,0,1.0,1.0,12,12,5
1524,96,97,tracx,12,0,132,0,1.0,1.0,12,12,5
1525,97,98,tracx,12,0,132,0,1.0,1.0,12,12,5
1526,98,99,tracx,12,0,132,0,1.0,1.0,12,12,5
1527,99,100,tracx,12,0,144,0,1.0,1.0,12,13,5
1528,100,101,tracx,13,0,169,0,1.0,1.0,13,14,5
1529,101,102,tracx,14,0,182,0,1.0,1.0,14,14,5
1530,102,103,tracx,14,0,182,0,1.0,1.0,14,14,5
1531,103,104,tracx,14,0,182,0,1.0,1.0,14,14,5
1532,104,105,tracx,14,0,182,0,1.0,1.0,14,14,5
1533,105,106,tracx,14,0,182,0,1.0,1.0,14,14,5
1534,106,107,tracx,14,0,182,0,1.0,1.0,14,14,5
1535,107,108,tracx,14,0,182,0,1.0,1.0,14,14,5
1536,108,109,tracx,14,0,182,0,1.0,1.0,14,14,5
1537,109,110,tracx,14,0,182,0,1.0,1.0,14,14,5
1538,110,111,tracx,14,0,182,0,1.0,1.0,14,14,5
1539,111,112,tracx,14,0,196,0,1.0,1.0,14,15,5
1540,112,113,tracx,15,0,210,0,1.0,1.0,15,15,5
1541,113,114,tracx,15,0,210,0,1.0,1.0,15,15,5
1542,114,115,tracx,15,0,210,0,1.0,1.0,15,15,5
1543,115,116,tracx,14,0,240,1,0.996078431372549,0.9655172413793104,15,17,5
1544,116,117,tracx,17,0,289,0,1.0,1.0,17,18,5
1545,117,118,tracx,18,0,306,0,1.0,1.0,18,18,5
1546,118,119,tracx,18,0,306,0,1.0,1.0,18,18,5
1547,119,120,tracx,18,0,324,0,1.0,1.0,18,19,5
1548,120,121,tracx,19,0,380,0,1.0,1.0,19,21,5
1549,121,122,tracx,21,0,420,0,1.0,1.0,21,21,5
1550,122,123,tracx,20,0,420,1,0.9977324263038548,0.975609756097561,21,21,5
1551,123,124,tracx,21,0,420,0,1.0,1.0,21,21,5
1552,124,125,tracx,21,0,420,0,1.0,1.0,21,21,5
1553,125,126,tracx,21,0,420,0,1.0,1.0,21,21,5
1554,126,127,tracx,21,0,441,0,1.0,1.0,21,22,5
1555,127,128,tracx,22,0,484,0,1.0,1.0,22,23,5
1556,128,129,tracx,23,0,506,0,1.0,1.0,23,23,5
1557,129,130,tracx,23,0,506,0,1.0,1.0,23,23,5
1558,130,131,tracx,23,0,506,0,1.0,1.0,23,23,5
1559,131,132,tracx,23,0,506,0,1.0,1.0,23,23,5
1560,132,133,tracx,23,0,506,0,1.0,1.0,23,23,5
1561,133,134,tracx,23,0,506,0,1.0,1.0,23,23,5
1562,134,135,tracx,23,0,506,0,1.0,1.0,23,23,5
1563,135,136,tracx,23,0,506,0,1.0,1.0,23,23,5
1564,136,137,tracx,23,0,506,0,1.0,1.0,23,23,5
1565,137,138,tracx,23,0,506,0,1.0,1.0,23,23,5
1566,138,139,tracx,23,0,529,0,1.0,1.0,23,24,5
1567,139,140,tracx,24,0,552,0,1.0,1.0,24,24,5
1568,140,141,tracx,24,0,552,0,1.0,1.0,24,24,5
1569,141,142,tracx,24,0,552,0,1.0,1.0,24,24,5
1570,142,143,tracx,24,0,552,0,1.0,1.0,24,24,5
1571,143,144,tracx,24,0,552,0,1.0,1.0,24,24,5
1572,144,145,tracx,24,0,552,0,1.0,1.0,24,24,5
1573,145,146,tracx,24,0,552,0,1.0,1.0,24,24,5
1574,146,147,tracx,24,0,600,0,1.0,1.0,24,26,5
1575,147,148,tracx,26,0,650,0,1.0,1.0,26,26,5
1576,148,149,tracx,26,0,676,0,1.0,1.0,26,27,5
1577,149,150,tracx,27,0,702,0,1.0,1.0,27,27,5
1578,150,151,tracx,27,0,729,0,1.0,1.0,27,28,5
1579,151,152,tracx,28,0,756,0,1.0,1.0,28,28,5
1580,152,153,tracx,28,0,756,0,1.0,1.0,28,28,5
1581,153,154,tracx,28,0,756,0,1.0,1.0,28,28,5
1582,154,155,tracx,28,0,784,0,1.0,1.0,28,29,5
1583,155,156,tracx,29,0,812,0,1.0,1.0,29,29,5
1584,156,157,tracx,28,0,812,1,0.9988109393579072,0.9824561403508771,29,29,5
1585,157,158,tracx,29,0,841,0,1.0,1.0,29,30,5
1586,158,159,tracx,29,0,900,1,0.9989247311827957,0.9830508474576272,30,31,5
1587,159,160,tracx,31,0,930,0,1.0,1.0,31,31,5
1588,160,161,tracx,31,0,930,0,1.0,1.0,31,31,5
1589,161,162,tracx,31,0,992,0,1.0,1.0,31,33,5
1590,162,163,tracx,33,0,1056,0,1.0,1.0,33,33,5
1591,163,164,tracx,32,0,1089,1,0.9991087344028521,0.9846153846153847,33,34,5
1592,164,165,tracx,34,0,1122,0,1.0,1.0,34,34,5
1593,165,166,tracx,34,0,1156,0,1.0,1.0,34,35,5
1594,166,167,tracx,35,0,1190,0,1.0,1.0,35,35,5
1595,167,168,tracx,35,0,1190,0,1.0,1.0,35,35,5
1596,168,169,tracx,35,0,1225,0,1.0,1.0,35,36,5
1597,169,170,tracx,35,0,1260,1,0.9992283950617284,0.9859154929577465,36,36,5
1598,170,171,tracx,36,0,1260,0,1.0,1.0,36,36,5
1599,171,172,tracx,35,0,1260,1,0.9992283950617284,0.9859154929577465,36,36,5
1600,172,173,tracx,36,0,1260,0,1.0,1.0,36,36,5
1601,173,174,tracx,36,0,1260,0,1.0,1.0,36,36,5
1602,174,175,tracx,36,0,1296,0,1.0,1.0,36,37,5
1603,175,176,tracx,37,0,1332,0,1.0,1.0,37,37,5
1604,176,177,tracx,37,0,1332,0,1.0,1.0,37,37,5
1605,177,178,tracx,37,0,1369,0,1.0,1.0,37,38,5
1606,178,179,tracx,38,0,1406,0,1.0,1.0,38,38,5
1607,0,2,tracx,2,0,4,0,1.0,1.0,2,2,10
1608,1,3,tracx,2,0,4,0,1.0,1.0,2,3,10
1609,2,4,tracx,3,0,6,0,1.0,1.0,2,3,10
1610,3,5,tracx,3,0,6,0,1.0,1.0,3,3,10
1611,4,6,tracx,3,0,6,0,1.0,1.0,3,3,10
1612,5,7,tracx,3,0,6,0,1.0,1.0,3,3,10
1613,6,8,tracx,3,0,6,0,1.0,1.0,3,3,10
1614,7,9,tracx,3,0,6,0,1.0,1.0,3,3,10
1615,8,10,tracx,3,0,6,0,1.0,1.0,3,3,10
1616,9,11,tracx,3,0,6,0,1.0,1.0,3,3,10
1617,10,12,tracx,3,0,9,0,1.0,1.0,3,3,10
1618,11,13,tracx,3,0,9,0,1.0,1.0,3,3,10
1619,12,14,tracx,4,0,12,0,1.0,1.0,3,3,10
1620,13,15,tracx,4,0,16,0,1.0,1.0,3,3,10
1621,14,16,tracx,4,0,16,0,1.0,1.0,3,3,10
1622,15,17,tracx,5,0,25,0,1.0,1.0,3,3,10
1623,16,18,tracx,5,0,25,0,1.0,1.0,3,3,10
1624,17,19,tracx,6,0,30,0,1.0,1.0,3,3,10
1625,18,20,tracx,6,0,36,0,1.0,1.0,3,3,10
1626,19,21,tracx,6,0,36,0,1.0,1.0,3,3,10
1627,20,22,tracx,7,0,42,0,1.0,1.0,3,3,10
1628,21,23,tracx,7,0,42,0,1.0,1.0,3,4,10
1629,22,24,tracx,7,0,49,0,1.0,1.0,3,4,10
1630,23,25,tracx,7,0,49,0,1.0,1.0,4,4,10
1631,24,26,tracx,7,0,56,1,0.984375,0.9333333333333333,4,4,10
1632,25,27,tracx,8,0,56,0,1.0,1.0,4,4,10
1633,26,28,tracx,8,0,56,0,1.0,1.0,4,4,10
1634,27,29,tracx,8,0,56,0,1.0,1.0,4,4,10
1635,28,30,tracx,8,0,56,0,1.0,1.0,4,5,10
1636,29,31,tracx,8,0,56,0,1.0,1.0,4,5,10
1637,30,32,tracx,8,0,64,0,1.0,1.0,5,5,10
1638,31,33,tracx,8,0,64,0,1.0,1.0,5,5,10
1639,32,34,tracx,9,0,72,0,1.0,1.0,5,6,10
1640,33,35,tracx,9,0,72,0,1.0,1.0,5,6,10
1641,34,36,tracx,9,0,72,0,1.0,1.0,6,6,10
1642,35,37,tracx,9,0,81,0,1.0,1.0,6,6,10
1643,36,38,tracx,9,0,81,0,1.0,1.0,6,6,10
1644,37,39,tracx,10,0,90,0,1.0,1.0,6,7,10
1645,38,40,tracx,10,0,90,0,1.0,1.0,6,7,10
1646,39,41,tracx,10,0,90,0,1.0,1.0,7,7,10
1647,40,42,tracx,10,0,90,0,1.0,1.0,7,7,10
1648,41,43,tracx,10,0,90,0,1.0,1.0,7,7,10
1649,42,44,tracx,10,0,100,0,1.0,1.0,7,7,10
1650,43,45,tracx,10,0,100,0,1.0,1.0,7,7,10
1651,44,46,tracx,11,0,110,0,1.0,1.0,7,7,10
1652,45,47,tracx,11,0,121,0,1.0,1.0,7,7,10
1653,46,48,tracx,11,0,121,0,1.0,1.0,7,8,10
1654,47,49,tracx,12,0,132,0,1.0,1.0,7,8,10
1655,48,50,tracx,12,0,144,0,1.0,1.0,8,8,10
1656,49,51,tracx,12,0,156,0,1.0,1.0,8,8,10
1657,50,52,tracx,13,0,169,0,1.0,1.0,8,8,10
1658,51,53,tracx,14,0,182,0,1.0,1.0,8,8,10
1659,52,54,tracx,14,0,182,0,1.0,1.0,8,8,10
1660,53,55,tracx,14,0,182,0,1.0,1.0,8,8,10
1661,54,56,tracx,14,0,196,0,1.0,1.0,8,8,10
1662,55,57,tracx,14,0,196,0,1.0,1.0,8,8,10
1663,56,58,tracx,14,0,240,1,0.996078431372549,0.9655172413793104,8,8,10
1664,57,59,tracx,14,0,255,1,0.9962962962962963,0.9655172413793104,8,8,10
1665,58,60,tracx,17,0,306,0,1.0,1.0,8,8,10
1666,59,61,tracx,18,0,360,0,1.0,1.0,8,8,10
1667,60,62,tracx,19,0,380,0,1.0,1.0,8,8,10
1668,61,63,tracx,20,0,420,1,0.9977324263038548,0.975609756097561,8,9,10
1669,62,64,tracx,21,0,462,0,1.0,1.0,8,9,10
1670,63,65,tracx,21,0,462,0,1.0,1.0,9,9,10
1671,64,66,tracx,22,0,506,1,0.998109640831758,0.9777777777777777,9,9,10
1672,65,67,tracx,23,0,506,0,1.0,1.0,9,9,10
1673,66,68,tracx,23,0,506,0,1.0,1.0,9,9,10
1674,67,69,tracx,23,0,506,0,1.0,1.0,9,9,10
1675,68,70,tracx,23,0,529,0,1.0,1.0,9,9,10
1676,69,71,tracx,23,0,529,0,1.0,1.0,9,9,10
1677,70,72,tracx,24,0,552,0,1.0,1.0,9,9,10
1678,71,73,tracx,24,0,552,0,1.0,1.0,9,9,10
1679,72,74,tracx,24,0,600,0,1.0,1.0,9,10,10
1680,73,75,tracx,24,0,624,0,1.0,1.0,9,10,10
1681,74,76,tracx,26,0,702,0,1.0,1.0,10,10,10
1682,75,77,tracx,27,0,729,0,1.0,1.0,10,10,10
1683,76,78,tracx,28,0,784,0,1.0,1.0,10,10,10
1684,77,79,tracx,27,0,812,1,0.9988095238095238,0.9818181818181818,10,10,10
1685,78,80,tracx,27,0,870,2,0.9977753058954394,0.9642857142857143,10,10,10
1686,79,81,tracx,29,0,960,1,0.998989898989899,0.9830508474576272,10,10,10
1687,80,82,tracx,30,0,1023,1,0.9990512333965844,0.9836065573770492,10,10,10
1688,81,83,tracx,31,0,1122,2,0.9982683982683983,0.96875,10,10,10
1689,82,84,tracx,34,0,1156,0,1.0,1.0,10,10,10
1690,83,85,tracx,35,0,1225,0,1.0,1.0,10,10,10
1691,84,86,tracx,34,0,1225,1,0.9992063492063492,0.9855072463768116,10,10,10
1692,85,87,tracx,35,0,1260,1,0.9992283950617284,0.9859154929577465,10,10,10
1693,86,88,tracx,36,0,1296,0,1.0,1.0,10,11,10
1694,87,89,tracx,36,0,1332,0,1.0,1.0,10,11,10
1695,88,90,tracx,0,0,72,2,0.972972972972973,0.0,11,11,10
1696,89,91,tracx,0,0,111,3,0.9736842105263158,0.0,11,11,10
1697,90,92,tracx,2,0,4,0,1.0,1.0,11,11,10
1698,91,93,tracx,2,0,6,1,0.8888888888888888,0.8,11,11,10
1699,92,94,tracx,3,0,6,0,1.0,1.0,11,12,10
1700,93,95,tracx,3,0,6,0,1.0,1.0,11,12,10
1701,94,96,tracx,3,0,6,0,1.0,1.0,12,12,10
1702,95,97,tracx,3,0,6,0,1.0,1.0,12,12,10
1703,96,98,tracx,3,0,6,0,1.0,1.0,12,12,10
1704,97,99,tracx,3,0,6,0,1.0,1.0,12,12,10
1705,98,100,tracx,3,0,6,0,1.0,1.0,12,13,10
1706,99,101,tracx,3,0,9,0,1.0,1.0,12,14,10
1707,100,102,tracx,3,0,9,0,1.0,1.0,13,14,10
1708,101,103,tracx,4,0,12,0,1.0,1.0,14,14,10
1709,102,104,tracx,4,0,12,0,1.0,1.0,14,14,10
1710,103,105,tracx,4,0,16,0,1.0,1.0,14,14,10
1711,104,106,tracx,4,0,16,0,1.0,1.0,14,14,10
1712,105,107,tracx,5,0,25,0,1.0,1.0,14,14,10
1713,106,108,tracx,5,0,25,0,1.0,1.0,14,14,10
1714,107,109,tracx,6,0,36,0,1.0,1.0,14,14,10
1715,108,110,tracx,6,0,36,0,1.0,1.0,14,14,10
1716,109,111,tracx,6,0,42,1,0.9795918367346939,0.9230769230769231,14,14,10
1717,110,112,tracx,7,0,42,0,1.0,1.0,14,15,10
1718,111,113,tracx,7,0,42,0,1.0,1.0,14,15,10
1719,112,114,tracx,7,0,49,0,1.0,1.0,15,15,10
1720,113,115,tracx,7,0,49,0,1.0,1.0,15,15,10
1721,114,116,tracx,8,0,56,0,1.0,1.0,15,17,10
1722,115,117,tracx,8,0,56,0,1.0,1.0,15,18,10
1723,116,118,tracx,8,0,56,0,1.0,1.0,17,18,10
1724,117,119,tracx,8,0,56,0,1.0,1.0,18,18,10
1725,118,120,tracx,8,0,56,0,1.0,1.0,18,19,10
1726,119,121,tracx,8,0,64,0,1.0,1.0,18,21,10
1727,120,122,tracx,8,0,64,0,1.0,1.0,19,21,10
1728,121,123,tracx,9,0,72,0,1.0,1.0,21,21,10
1729,122,124,tracx,9,0,72,0,1.0,1.0,21,21,10
1730,123,125,tracx,9,0,72,0,1.0,1.0,21,21,10
1731,124,126,tracx,9,0,72,0,1.0,1.0,21,21,10
1732,125,127,tracx,9,0,81,0,1.0,1.0,21,22,10
1733,126,128,tracx,9,0,81,0,1.0,1.0,21,23,10
1734,127,129,tracx,10,0,90,0,1.0,1.0,22,23,10
1735,128,130,tracx,10,0,90,0,1.0,1.0,23,23,10
1736,129,131,tracx,10,0,90,0,1.0,1.0,23,23,10
1737,130,132,tracx,10,0,90,0,1.0,1.0,23,23,10
1738,131,133,tracx,10,0,90,0,1.0,1.0,23,23,10
1739,132,134,tracx,10,0,100,0,1.0,1.0,23,23,10
1740,133,135,tracx,10,0,100,0,1.0,1.0,23,23,10
1741,134,136,tracx,11,0,110,0,1.0,1.0,23,23,10
1742,135,137,tracx,11,0,121,0,1.0,1.0,23,23,10
1743,136,138,tracx,11,0,121,0,1.0,1.0,23,23,10
1744,137,139,tracx,12,0,132,0,1.0,1.0,23,24,10
1745,138,140,tracx,12,0,156,0,1.0,1.0,23,24,10
1746,139,141,tracx,12,0,156,0,1.0,1.0,24,24,10
1747,140,142,tracx,14,0,182,0,1.0,1.0,24,24,10
1748,141,143,tracx,14,0,182,0,1.0,1.0,24,24,10
1749,142,144,tracx,14,0,182,0,1.0,1.0,24,24,10
1750,143,145,tracx,14,0,182,0,1.0,1.0,24,24,10
1751,144,146,tracx,14,0,196,0,1.0,1.0,24,24,10
1752,145,147,tracx,14,0,196,0,1.0,1.0,24,26,10
1753,146,148,tracx,13,1,254,2,0.9888888888888889,0.896551724137931,24,26,10
1754,147,149,tracx,13,1,254,2,0.9888888888888889,0.896551724137931,26,27,10
1755,148,150,tracx,18,0,360,0,1.0,1.0,26,27,10
1756,149,151,tracx,18,0,360,0,1.0,1.0,27,28,10
1757,150,152,tracx,20,0,420,1,0.9977324263038548,0.975609756097561,27,28,10
1758,151,153,tracx,21,0,441,0,1.0,1.0,28,28,10
1759,152,154,tracx,21,0,462,0,1.0,1.0,28,28,10
1760,153,155,tracx,21,0,484,1,0.9980237154150198,0.9767441860465116,28,29,10
1761,154,156,tracx,23,0,506,0,1.0,1.0,28,29,10
1762,155,157,tracx,23,0,506,0,1.0,1.0,29,29,10
1763,156,158,tracx,23,0,506,0,1.0,1.0,29,30,10
1764,157,159,tracx,23,0,529,0,1.0,1.0,29,31,10
1765,158,160,tracx,23,0,529,0,1.0,1.0,30,31,10
1766,159,161,tracx,24,0,552,0,1.0,1.0,31,31,10
1767,160,162,tracx,24,0,552,0,1.0,1.0,31,33,10
1768,161,163,tracx,24,0,600,0,1.0,1.0,31,33,10
1769,162,164,tracx,24,0,624,0,1.0,1.0,33,34,10
1770,163,165,tracx,25,1,701,1,0.9972527472527473,0.9615384615384616,33,34,10
1771,164,166,tracx,27,0,729,0,1.0,1.0,34,35,10
1772,165,167,tracx,28,0,784,0,1.0,1.0,34,35,10
1773,166,168,tracx,27,0,784,1,0.9987684729064039,0.9818181818181818,35,35,10
1774,167,169,tracx,27,0,870,2,0.9977753058954394,0.9642857142857143,35,36,10
1775,168,170,tracx,27,0,870,2,0.9977753058954394,0.9642857142857143,35,36,10
1776,169,171,tracx,31,0,992,0,1.0,1.0,36,36,10
1777,170,172,tracx,30,0,1023,1,0.9990512333965844,0.9836065573770492,36,36,10
1778,171,173,tracx,32,0,1122,1,0.9991341991341991,0.9846153846153847,36,36,10
1779,172,174,tracx,34,0,1190,0,1.0,1.0,36,36,10
1780,173,175,tracx,35,0,1225,0,1.0,1.0,36,37,10
1781,174,176,tracx,35,0,1260,1,0.9992283950617284,0.9859154929577465,36,37,10
1782,175,177,tracx,35,0,1296,1,0.9992492492492493,0.9859154929577465,37,37,10
1783,176,178,tracx,36,0,1296,0,1.0,1.0,37,38,10
1784,177,179,tracx,37,0,1369,0,1.0,1.0,37,38,10
1785,0,3,tracx,2,0,4,0,1.0,1.0,2,3,15
1786,1,4,tracx,2,0,6,1,0.8888888888888888,0.8,2,3,15
1787,2,5,tracx,3,0,6,0,1.0,1.0,2,3,15
1788,3,6,tracx,3,0,6,0,1.0,1.0,3,3,15
1789,4,7,tracx,3,0,6,0,1.0,1.0,3,3,15
1790,5,8,tracx,3,0,9,0,1.0,1.0,3,3,15
1791,6,9,tracx,3,0,9,0,1.0,1.0,3,3,15
1792,7,10,tracx,3,0,12,0,1.0,1.0,3,3,15
1793,8,11,tracx,4,0,16,0,1.0,1.0,3,3,15
1794,9,12,tracx,4,0,20,0,1.0,1.0,3,3,15
1795,10,13,tracx,4,0,30,1,0.9714285714285714,0.8888888888888888,3,3,15
1796,11,14,tracx,5,0,30,0,1.0,1.0,3,3,15
1797,12,15,tracx,6,0,36,0,1.0,1.0,3,3,15
1798,13,16,tracx,6,0,49,1,0.9821428571428571,0.9230769230769231,3,3,15
1799,14,17,tracx,7,0,49,0,1.0,1.0,3,3,15
1800,15,18,tracx,7,0,49,0,1.0,1.0,3,3,15
1801,16,19,tracx,7,0,56,1,0.984375,0.9333333333333333,3,3,15
1802,17,20,tracx,8,0,56,0,1.0,1.0,3,3,15
1803,18,21,tracx,8,0,64,0,1.0,1.0,3,3,15
1804,19,22,tracx,8,0,64,0,1.0,1.0,3,3,15
1805,20,23,tracx,8,0,64,0,1.0,1.0,3,4,15
1806,21,24,tracx,9,0,72,0,1.0,1.0,3,4,15
1807,22,25,tracx,9,0,81,0,1.0,1.0,3,4,15
1808,23,26,tracx,9,0,81,0,1.0,1.0,4,4,15
1809,24,27,tracx,9,0,81,0,1.0,1.0,4,4,15
1810,25,28,tracx,10,0,90,0,1.0,1.0,4,4,15
1811,26,29,tracx,10,0,90,0,1.0,1.0,4,4,15
1812,27,30,tracx,10,0,100,0,1.0,1.0,4,5,15
1813,28,31,tracx,10,0,100,0,1.0,1.0,4,5,15
1814,29,32,tracx,10,0,110,0,1.0,1.0,4,5,15
1815,30,33,tracx,11,0,121,0,1.0,1.0,5,5,15
1816,31,34,tracx,11,0,143,0,1.0,1.0,5,6,15
1817,32,35,tracx,12,0,156,0,1.0,1.0,5,6,15
1818,33,36,tracx,12,0,156,0,1.0,1.0,5,6,15
1819,34,37,tracx,14,0,182,0,1.0,1.0,6,6,15
1820,35,38,tracx,14,0,196,0,1.0,1.0,6,6,15
1821,36,39,tracx,12,0,238,2,0.9920634920634921,0.9230769230769231,6,7,15
1822,37,40,tracx,12,0,252,2,0.9924812030075187,0.9230769230769231,6,7,15
1823,38,41,tracx,13,0,300,2,0.9936507936507937,0.9285714285714286,6,7,15
1824,39,42,tracx,18,0,360,0,1.0,1.0,7,7,15
1825,40,43,tracx,18,0,418,1,0.9977116704805492,0.972972972972973,7,7,15
1826,41,44,tracx,21,0,462,0,1.0,1.0,7,7,15
1827,42,45,tracx,21,0,462,0,1.0,1.0,7,7,15
1828,43,46,tracx,22,0,506,1,0.998109640831758,0.9777777777777777,7,7,15
1829,44,47,tracx,23,0,529,0,1.0,1.0,7,7,15
1830,45,48,tracx,23,0,529,0,1.0,1.0,7,8,15
1831,46,49,tracx,23,0,575,0,1.0,1.0,7,8,15
1832,47,50,tracx,24,0,624,0,1.0,1.0,7,8,15
1833,48,51,tracx,24,0,648,0,1.0,1.0,8,8,15
1834,49,52,tracx,25,0,728,1,0.9986737400530504,0.9803921568627451,8,8,15
1835,50,53,tracx,26,0,810,1,0.998805256869773,0.9811320754716981,8,8,15
1836,51,54,tracx,26,0,896,2,0.9978354978354979,0.9629629629629629,8,8,15
1837,52,55,tracx,25,0,957,4,0.9959432048681541,0.9259259259259259,8,8,15
1838,53,56,tracx,30,0,1054,1,0.9990783410138249,0.9836065573770492,8,8,15
1839,54,57,tracx,31,0,1155,2,0.9983164983164983,0.96875,8,8,15
1840,55,58,tracx,33,0,1190,1,0.9991830065359477,0.9850746268656716,8,8,15
1841,56,59,tracx,34,0,1260,1,0.9992277992277993,0.9855072463768116,8,8,15
1842,57,60,tracx,0,0,70,2,0.9722222222222222,0.0,8,8,15
1843,58,61,tracx,0,0,105,3,0.9722222222222222,0.0,8,8,15
1844,59,62,tracx,0,0,108,3,0.972972972972973,0.0,8,8,15
1845,60,63,tracx,2,0,4,0,1.0,1.0,8,9,15
1846,61,64,tracx,2,0,6,1,0.8888888888888888,0.8,8,9,15
1847,62,65,tracx,3,0,6,0,1.0,1.0,8,9,15
1848,63,66,tracx,3,0,6,0,1.0,1.0,9,9,15
1849,64,67,tracx,3,0,6,0,1.0,1.0,9,9,15
1850,65,68,tracx,3,0,9,0,1.0,1.0,9,9,15
1851,66,69,tracx,3,0,9,0,1.0,1.0,9,9,15
1852,67,70,tracx,3,0,12,0,1.0,1.0,9,9,15
1853,68,71,tracx,4,0,20,0,1.0,1.0,9,9,15
1854,69,72,tracx,4,0,20,0,1.0,1.0,9,9,15
1855,70,73,tracx,5,0,30,0,1.0,1.0,9,9,15
1856,71,74,tracx,6,0,36,0,1.0,1.0,9,10,15
1857,72,75,tracx,6,0,36,0,1.0,1.0,9,10,15
1858,73,76,tracx,6,0,49,1,0.9821428571428571,0.9230769230769231,9,10,15
1859,74,77,tracx,7,0,49,0,1.0,1.0,10,10,15
1860,75,78,tracx,7,0,49,0,1.0,1.0,10,10,15
1861,76,79,tracx,8,0,56,0,1.0,1.0,10,10,15
1862,77,80,tracx,8,0,56,0,1.0,1.0,10,10,15
1863,78,81,tracx,8,0,64,0,1.0,1.0,10,10,15
1864,79,82,tracx,8,0,64,0,1.0,1.0,10,10,15
1865,80,83,tracx,8,0,64,0,1.0,1.0,10,10,15
1866,81,84,tracx,9,0,72,0,1.0,1.0,10,10,15
1867,82,85,tracx,9,0,81,0,1.0,1.0,10,10,15
1868,83,86,tracx,9,0,81,0,1.0,1.0,10,10,15
1869,84,87,tracx,9,0,81,0,1.0,1.0,10,10,15
1870,85,88,tracx,10,0,90,0,1.0,1.0,10,11,15
1871,86,89,tracx,10,0,100,0,1.0,1.0,10,11,15
1872,87,90,tracx,10,0,100,0,1.0,1.0,10,11,15
1873,88,91,tracx,10,0,110,0,1.0,1.0,11,11,15
1874,89,92,tracx,11,0,121,0,1.0,1.0,11,11,15
1875,90,93,tracx,11,0,132,0,1.0,1.0,11,11,15
1876,91,94,tracx,12,0,156,0,1.0,1.0,11,12,15
1877,92,95,tracx,12,0,156,0,1.0,1.0,11,12,15
1878,93,96,tracx,13,0,169,0,1.0,1.0,11,12,15
1879,94,97,tracx,14,0,196,0,1.0,1.0,12,12,15
1880,95,98,tracx,14,0,196,0,1.0,1.0,12,12,15
1881,96,99,tracx,12,1,237,2,0.9880952380952381,0.8888888888888888,12,12,15
1882,97,100,tracx,12,1,299,3,0.9873015873015873,0.8571428571428571,12,13,15
1883,98,101,tracx,13,1,299,2,0.9904761904761905,0.896551724137931,12,14,15
1884,99,102,tracx,18,0,378,0,1.0,1.0,12,14,15
1885,100,103,tracx,19,0,462,2,0.9958592132505176,0.95,13,14,15
1886,101,104,tracx,21,0,462,0,1.0,1.0,14,14,15
1887,102,105,tracx,21,0,484,1,0.9980237154150198,0.9767441860465116,14,14,15
1888,103,106,tracx,23,0,529,0,1.0,1.0,14,14,15
1889,104,107,tracx,23,0,529,0,1.0,1.0,14,14,15
1890,105,108,tracx,23,0,529,0,1.0,1.0,14,14,15
1891,106,109,tracx,24,0,600,0,1.0,1.0,14,14,15
1892,107,110,tracx,24,0,648,0,1.0,1.0,14,14,15
1893,108,111,tracx,24,0,648,0,1.0,1.0,14,14,15
1894,109,112,tracx,26,0,728,0,1.0,1.0,14,15,15
1895,110,113,tracx,26,0,840,2,0.9976958525345622,0.9629629629629629,14,15,15
1896,111,114,tracx,26,0,896,2,0.9978354978354979,0.9629629629629629,14,15,15
1897,112,115,tracx,26,0,986,3,0.9970443349753695,0.9454545454545454,15,15,15
1898,113,116,tracx,30,0,1085,1,0.9991039426523297,0.9836065573770492,15,17,15
1899,114,117,tracx,31,1,1154,2,0.9974747474747475,0.9538461538461539,15,18,15
1900,115,118,tracx,34,0,1260,1,0.9992277992277993,0.9855072463768116,15,18,15
1901,116,119,tracx,35,0,1332,1,0.9992690058479532,0.9859154929577465,17,18,15
1902,117,120,tracx,0,0,70,2,0.9722222222222222,0.0,18,19,15
1903,118,121,tracx,0,0,108,3,0.972972972972973,0.0,18,21,15
1904,119,122,tracx,0,0,111,3,0.9736842105263158,0.0,18,21,15
1905,120,123,tracx,2,0,4,0,1.0,1.0,19,21,15
1906,121,124,tracx,3,0,6,0,1.0,1.0,21,21,15
1907,122,125,tracx,3,0,6,0,1.0,1.0,21,21,15
1908,123,126,tracx,3,0,6,0,1.0,1.0,21,21,15
1909,124,127,tracx,3,0,9,0,1.0,1.0,21,22,15
1910,125,128,tracx,3,0,9,0,1.0,1.0,21,23,15
1911,126,129,tracx,3,0,9,0,1.0,1.0,21,23,15
1912,127,130,tracx,4,0,16,0,1.0,1.0,22,23,15
1913,128,131,tracx,4,0,20,0,1.0,1.0,23,23,15
1914,129,132,tracx,4,0,20,0,1.0,1.0,23,23,15
1915,130,133,tracx,5,0,30,0,1.0,1.0,23,23,15
1916,131,134,tracx,6,0,36,0,1.0,1.0,23,23,15
1917,132,135,tracx,6,0,36,0,1.0,1.0,23,23,15
1918,133,136,tracx,7,0,49,0,1.0,1.0,23,23,15
1919,134,137,tracx,7,0,49,0,1.0,1.0,23,23,15
1920,135,138,tracx,7,0,49,0,1.0,1.0,23,23,15
1921,136,139,tracx,8,0,56,0,1.0,1.0,23,24,15
1922,137,140,tracx,8,0,56,0,1.0,1.0,23,24,15
1923,138,141,tracx,8,0,64,0,1.0,1.0,23,24,15
1924,139,142,tracx,8,0,64,0,1.0,1.0,24,24,15
1925,140,143,tracx,8,0,64,0,1.0,1.0,24,24,15
1926,141,144,tracx,9,0,81,0,1.0,1.0,24,24,15
1927,142,145,tracx,9,0,81,0,1.0,1.0,24,24,15
1928,143,146,tracx,9,0,81,0,1.0,1.0,24,24,15
1929,144,147,tracx,10,0,90,0,1.0,1.0,24,26,15
1930,145,148,tracx,10,0,90,0,1.0,1.0,24,26,15
1931,146,149,tracx,10,0,100,0,1.0,1.0,24,27,15
1932,147,150,tracx,10,0,100,0,1.0,1.0,26,27,15
1933,148,151,tracx,10,0,110,0,1.0,1.0,26,28,15
1934,149,152,tracx,11,0,121,0,1.0,1.0,27,28,15
1935,150,153,tracx,11,0,143,0,1.0,1.0,27,28,15
1936,151,154,tracx,12,0,156,0,1.0,1.0,28,28,15
1937,152,155,tracx,12,0,156,0,1.0,1.0,28,29,15
1938,153,156,tracx,13,0,182,1,0.9948979591836735,0.9629629629629629,28,29,15
1939,154,157,tracx,14,0,196,0,1.0,1.0,28,29,15
1940,155,158,tracx,13,0,224,1,0.9957983193277311,0.9629629629629629,29,30,15
1941,156,159,tracx,13,0,238,1,0.996031746031746,0.9629629629629629,29,31,15
1942,157,160,tracx,13,0,300,2,0.9936507936507937,0.9285714285714286,29,31,15
1943,158,161,tracx,15,0,340,2,0.9943977591036415,0.9375,30,31,15
1944,159,162,tracx,18,0,396,0,1.0,1.0,31,33,15
1945,160,163,tracx,19,0,462,2,0.9958592132505176,0.95,31,33,15
1946,161,164,tracx,21,0,462,0,1.0,1.0,31,34,15
1947,162,165,tracx,22,0,506,1,0.998109640831758,0.9777777777777777,33,34,15
1948,163,166,tracx,23,0,529,0,1.0,1.0,33,35,15
1949,164,167,tracx,23,0,529,0,1.0,1.0,34,35,15
1950,165,168,tracx,23,0,529,0,1.0,1.0,34,35,15
1951,166,169,tracx,24,0,624,0,1.0,1.0,35,36,15
1952,167,170,tracx,24,0,648,0,1.0,1.0,35,36,15
1953,168,171,tracx,24,0,672,0,1.0,1.0,35,36,15
1954,169,172,tracx,26,0,783,1,0.9987654320987654,0.9811320754716981,36,36,15
1955,170,173,tracx,26,0,840,2,0.9976958525345622,0.9629629629629629,36,36,15
1956,171,174,tracx,24,1,956,5,0.9939148073022313,0.8888888888888888,36,36,15
1957,172,175,tracx,27,1,1019,3,0.9961904761904762,0.9310344827586207,36,37,15
1958,173,176,tracx,29,1,1084,2,0.9973118279569892,0.9508196721311475,36,37,15
1959,174,177,tracx,33,0,1190,1,0.9991830065359477,0.9850746268656716,36,37,15
1960,175,178,tracx,34,0,1260,1,0.9992277992277993,0.9855072463768116,37,38,15
1961,176,179,tracx,35,0,1332,1,0.9992690058479532,0.9859154929577465,37,38,15
1962,0,4,tracx,2,0,4,0,1.0,1.0,2,3,20
1963,1,5,tracx,2,0,6,1,0.8888888888888888,0.8,2,3,20
1964,2,6,tracx,3,0,9,0,1.0,1.0,2,3,20
1965,3,7,tracx,3,0,9,0,1.0,1.0,3,3,20
1966,4,8,tracx,3,0,12,0,1.0,1.0,3,3,20
1967,5,9,tracx,3,0,15,0,1.0,1.0,3,3,20
1968,6,10,tracx,4,0,24,0,1.0,1.0,3,3,20
1969,7,11,tracx,4,0,24,0,1.0,1.0,3,3,20
1970,8,12,tracx,5,0,35,0,1.0,1.0,3,3,20
1971,9,13,tracx,6,0,42,0,1.0,1.0,3,3,20
1972,10,14,tracx,6,0,49,1,0.9821428571428571,0.9230769230769231,3,3,20
1973,11,15,tracx,7,0,49,0,1.0,1.0,3,3,20
1974,12,16,tracx,7,0,64,1,0.9861111111111112,0.9333333333333333,3,3,20
1975,13,17,tracx,8,0,64,0,1.0,1.0,3,3,20
1976,14,18,tracx,8,0,64,0,1.0,1.0,3,3,20
1977,15,19,tracx,8,0,72,0,1.0,1.0,3,3,20
1978,16,20,tracx,9,0,81,0,1.0,1.0,3,3,20
1979,17,21,tracx,9,0,81,0,1.0,1.0,3,3,20
1980,18,22,tracx,9,0,90,0,1.0,1.0,3,3,20
1981,19,23,tracx,10,0,100,0,1.0,1.0,3,4,20
1982,20,24,tracx,10,0,110,0,1.0,1.0,3,4,20
1983,21,25,tracx,10,0,120,0,1.0,1.0,3,4,20
1984,22,26,tracx,11,0,143,0,1.0,1.0,3,4,20
1985,23,27,tracx,11,0,143,0,1.0,1.0,4,4,20
1986,24,28,tracx,12,0,168,0,1.0,1.0,4,4,20
1987,25,29,tracx,12,0,208,1,0.995475113122172,0.96,4,4,20
1988,26,30,tracx,13,0,252,1,0.9962406015037594,0.9629629629629629,4,5,20
1989,27,31,tracx,13,0,280,1,0.9965986394557823,0.9629629629629629,4,5,20
1990,28,32,tracx,13,0,330,2,0.9942028985507246,0.9285714285714286,4,5,20
1991,29,33,tracx,15,0,374,2,0.9948849104859335,0.9375,4,5,20
1992,30,34,tracx,18,0,418,1,0.9977116704805492,0.972972972972973,5,6,20
1993,31,35,tracx,21,0,483,0,1.0,1.0,5,6,20
1994,32,36,tracx,21,0,529,2,0.9963768115942029,0.9545454545454546,5,6,20
1995,33,37,tracx,23,0,575,0,1.0,1.0,5,6,20
1996,34,38,tracx,23,0,621,0,1.0,1.0,6,6,20
1997,35,39,tracx,24,0,672,0,1.0,1.0,6,7,20
1998,36,40,tracx,23,0,720,1,0.9986559139784946,0.9787234042553191,6,7,20
1999,37,41,tracx,24,0,858,2,0.997737556561086,0.96,6,7,20
2000,38,42,tracx,25,0,952,3,0.996938775510204,0.9433962264150944,6,7,20
2001,39,43,tracx,25,0,1015,4,0.9961685823754789,0.9259259259259259,7,7,20
2002,40,44,tracx,30,0,1116,1,0.999128160418483,0.9836065573770492,7,7,20
2003,41,45,tracx,0,0,66,2,0.9705882352941176,0.0,7,7,20
2004,42,46,tracx,0,0,102,3,0.9714285714285714,0.0,7,7,20
2005,43,47,tracx,0,0,105,3,0.9722222222222222,0.0,7,7,20
2006,44,48,tracx,0,0,108,3,0.972972972972973,0.0,7,8,20
2007,45,49,tracx,2,0,4,0,1.0,1.0,7,8,20
2008,46,50,tracx,3,0,6,0,1.0,1.0,7,8,20
2009,47,51,tracx,3,0,9,0,1.0,1.0,7,8,20
2010,48,52,tracx,3,0,9,0,1.0,1.0,8,8,20
2011,49,53,tracx,3,0,12,0,1.0,1.0,8,8,20
2012,50,54,tracx,3,0,15,0,1.0,1.0,8,8,20
2013,51,55,tracx,4,0,24,0,1.0,1.0,8,8,20
2014,52,56,tracx,4,0,24,0,1.0,1.0,8,8,20
2015,53,57,tracx,5,0,35,0,1.0,1.0,8,8,20
2016,54,58,tracx,6,0,42,0,1.0,1.0,8,8,20
2017,55,59,tracx,7,0,49,0,1.0,1.0,8,8,20
2018,56,60,tracx,7,0,49,0,1.0,1.0,8,8,20
2019,57,61,tracx,8,0,64,0,1.0,1.0,8,8,20
2020,58,62,tracx,8,0,64,0,1.0,1.0,8,8,20
2021,59,63,tracx,8,0,64,0,1.0,1.0,8,9,20
2022,60,64,tracx,8,0,72,0,1.0,1.0,8,9,20
2023,61,65,tracx,9,0,81,0,1.0,1.0,8,9,20
2024,62,66,tracx,9,0,81,0,1.0,1.0,8,9,20
2025,63,67,tracx,9,0,90,0,1.0,1.0,9,9,20
2026,64,68,tracx,10,0,100,0,1.0,1.0,9,9,20
2027,65,69,tracx,10,0,110,0,1.0,1.0,9,9,20
2028,66,70,tracx,10,0,130,0,1.0,1.0,9,9,20
2029,67,71,tracx,11,0,143,0,1.0,1.0,9,9,20
2030,68,72,tracx,11,0,143,0,1.0,1.0,9,9,20
2031,69,73,tracx,12,0,168,0,1.0,1.0,9,9,20
2032,70,74,tracx,12,0,238,2,0.9920634920634921,0.9230769230769231,9,10,20
2033,71,75,tracx,12,0,280,2,0.9931972789115646,0.9230769230769231,9,10,20
2034,72,76,tracx,12,0,280,2,0.9931972789115646,0.9230769230769231,9,10,20
2035,73,77,tracx,12,0,330,3,0.991304347826087,0.8888888888888888,9,10,20
2036,74,78,tracx,16,0,396,2,0.9951690821256038,0.9411764705882353,10,10,20
2037,75,79,tracx,18,0,462,3,0.9937888198757764,0.9230769230769231,10,10,20
2038,76,80,tracx,21,0,483,0,1.0,1.0,10,10,20
2039,77,81,tracx,22,0,529,1,0.9981884057971014,0.9777777777777777,10,10,20
2040,78,82,tracx,23,0,598,0,1.0,1.0,10,10,20
2041,79,83,tracx,23,0,621,0,1.0,1.0,10,10,20
2042,80,84,tracx,24,0,672,0,1.0,1.0,10,10,20
2043,81,85,tracx,23,0,720,1,0.9986559139784946,0.9787234042553191,10,10,20
2044,82,86,tracx,24,1,890,3,0.9956427015250545,0.9230769230769231,10,10,20
2045,83,87,tracx,25,1,979,3,0.996031746031746,0.9259259259259259,10,10,20
2046,84,88,tracx,26,1,1014,3,0.9961685823754789,0.9285714285714286,10,11,20
2047,85,89,tracx,30,0,1116,1,0.999128160418483,0.9836065573770492,10,11,20
2048,86,90,tracx,0,0,66,2,0.9705882352941176,0.0,10,11,20
2049,87,91,tracx,0,0,105,3,0.9722222222222222,0.0,10,11,20
2050,88,92,tracx,0,0,105,3,0.9722222222222222,0.0,11,11,20
2051,89,93,tracx,0,0,108,3,0.972972972972973,0.0,11,11,20
2052,90,94,tracx,2,0,4,0,1.0,1.0,11,12,20
2053,91,95,tracx,3,0,6,0,1.0,1.0,11,12,20
2054,92,96,tracx,3,0,9,0,1.0,1.0,11,12,20
2055,93,97,tracx,3,0,12,0,1.0,1.0,11,12,20
2056,94,98,tracx,3,0,15,0,1.0,1.0,12,12,20
2057,95,99,tracx,3,0,15,0,1.0,1.0,12,12,20
2058,96,100,tracx,4,0,24,0,1.0,1.0,12,13,20
2059,97,101,tracx,4,0,30,1,0.9714285714285714,0.8888888888888888,12,14,20
2060,98,102,tracx,6,0,42,0,1.0,1.0,12,14,20
2061,99,103,tracx,6,0,42,0,1.0,1.0,12,14,20
2062,100,104,tracx,7,0,49,0,1.0,1.0,13,14,20
2063,101,105,tracx,7,0,49,0,1.0,1.0,14,14,20
2064,102,106,tracx,8,0,64,0,1.0,1.0,14,14,20
2065,103,107,tracx,8,0,64,0,1.0,1.0,14,14,20
2066,104,108,tracx,8,0,72,0,1.0,1.0,14,14,20
2067,105,109,tracx,8,0,72,0,1.0,1.0,14,14,20
2068,106,110,tracx,9,0,81,0,1.0,1.0,14,14,20
2069,107,111,tracx,9,0,81,0,1.0,1.0,14,14,20
2070,108,112,tracx,10,0,100,0,1.0,1.0,14,15,20
2071,109,113,tracx,10,0,110,0,1.0,1.0,14,15,20
2072,110,114,tracx,10,0,110,0,1.0,1.0,14,15,20
2073,111,115,tracx,10,0,130,0,1.0,1.0,14,15,20
2074,112,116,tracx,11,0,143,0,1.0,1.0,15,17,20
2075,113,117,tracx,11,1,155,1,0.9880952380952381,0.9166666666666666,15,18,20
2076,114,118,tracx,12,0,168,0,1.0,1.0,15,18,20
2077,115,119,tracx,12,0,238,2,0.9920634920634921,0.9230769230769231,15,18,20
2078,116,120,tracx,12,0,280,2,0.9931972789115646,0.9230769230769231,17,19,20
2079,117,121,tracx,12,0,280,2,0.9931972789115646,0.9230769230769231,18,21,20
2080,118,122,tracx,13,0,330,2,0.9942028985507246,0.9285714285714286,18,21,20
2081,119,123,tracx,18,0,396,0,1.0,1.0,18,21,20
2082,120,124,tracx,19,0,462,2,0.9958592132505176,0.95,19,21,20
2083,121,125,tracx,21,0,483,0,1.0,1.0,21,21,20
2084,122,126,tracx,23,0,529,0,1.0,1.0,21,21,20
2085,123,127,tracx,23,0,598,0,1.0,1.0,21,22,20
2086,124,128,tracx,23,0,621,0,1.0,1.0,21,23,20
2087,125,129,tracx,24,0,696,0,1.0,1.0,21,23,20
2088,126,130,tracx,23,0,768,1,0.9987373737373737,0.9787234042553191,21,23,20
2089,127,131,tracx,24,1,917,3,0.9957671957671957,0.9230769230769231,22,23,20
2090,128,132,tracx,25,1,979,3,0.996031746031746,0.9259259259259259,23,23,20
2091,129,133,tracx,27,1,1049,3,0.9962962962962963,0.9310344827586207,23,23,20
2092,130,134,tracx,30,1,1220,3,0.9968102073365231,0.9375,23,23,20
2093,131,135,tracx,0,0,102,3,0.9714285714285714,0.0,23,23,20
2094,132,136,tracx,0,0,105,3,0.9722222222222222,0.0,23,23,20
2095,133,137,tracx,0,0,105,3,0.9722222222222222,0.0,23,23,20
2096,134,138,tracx,0,0,111,3,0.9736842105263158,0.0,23,23,20
2097,135,139,tracx,2,0,6,1,0.8888888888888888,0.8,23,24,20
2098,136,140,tracx,3,0,9,0,1.0,1.0,23,24,20
2099,137,141,tracx,3,0,9,0,1.0,1.0,23,24,20
2100,138,142,tracx,3,0,12,0,1.0,1.0,23,24,20
2101,139,143,tracx,3,0,15,0,1.0,1.0,24,24,20
2102,140,144,tracx,4,0,24,0,1.0,1.0,24,24,20
2103,141,145,tracx,4,0,24,0,1.0,1.0,24,24,20
2104,142,146,tracx,4,0,30,1,0.9714285714285714,0.8888888888888888,24,24,20
2105,143,147,tracx,6,0,42,0,1.0,1.0,24,26,20
2106,144,148,tracx,6,0,49,1,0.9821428571428571,0.9230769230769231,24,26,20
2107,145,149,tracx,7,0,49,0,1.0,1.0,24,27,20
2108,146,150,tracx,7,0,56,0,1.0,1.0,24,27,20
2109,147,151,tracx,8,0,64,0,1.0,1.0,26,28,20
2110,148,152,tracx,8,0,64,0,1.0,1.0,26,28,20
2111,149,153,tracx,8,0,72,0,1.0,1.0,27,28,20
2112,150,154,tracx,9,0,81,0,1.0,1.0,27,28,20
2113,151,155,tracx,9,0,81,0,1.0,1.0,28,29,20
2114,152,156,tracx,9,0,81,0,1.0,1.0,28,29,20
2115,153,157,tracx,10,0,100,0,1.0,1.0,28,29,20
2116,154,158,tracx,10,0,110,0,1.0,1.0,28,30,20
2117,155,159,tracx,10,0,110,0,1.0,1.0,29,31,20
2118,156,160,tracx,10,0,130,0,1.0,1.0,29,31,20
2119,157,161,tracx,11,0,143,0,1.0,1.0,29,31,20
2120,158,162,tracx,12,0,156,0,1.0,1.0,30,33,20
2121,159,163,tracx,12,0,168,0,1.0,1.0,31,33,20
2122,160,164,tracx,12,1,237,2,0.9880952380952381,0.8888888888888888,31,34,20
2123,161,165,tracx,12,1,279,2,0.9897959183673469,0.8888888888888888,31,34,20
2124,162,166,tracx,12,1,293,2,0.9902597402597403,0.8888888888888888,33,35,20
2125,163,167,tracx,13,1,329,2,0.991304347826087,0.896551724137931,33,35,20
2126,164,168,tracx,18,0,396,0,1.0,1.0,34,35,20
2127,165,169,tracx,20,0,483,1,0.998015873015873,0.975609756097561,34,36,20
2128,166,170,tracx,21,0,506,1,0.9981060606060606,0.9767441860465116,35,36,20
2129,167,171,tracx,23,0,575,0,1.0,1.0,35,36,20
2130,168,172,tracx,23,0,621,0,1.0,1.0,35,36,20
2131,169,173,tracx,24,0,672,0,1.0,1.0,36,36,20
2132,170,174,tracx,23,0,720,1,0.9986559139784946,0.9787234042553191,36,36,20
2133,171,175,tracx,24,0,832,2,0.9976689976689976,0.96,36,37,20
2134,172,176,tracx,25,0,952,3,0.996938775510204,0.9433962264150944,36,37,20
2135,173,177,tracx,25,0,1015,4,0.9961685823754789,0.9259259259259259,36,37,20
2136,174,178,tracx,30,0,1116,1,0.999128160418483,0.9836065573770492,36,38,20
2137,175,179,tracx,31,1,1220,2,0.9976076555023924,0.9538461538461539,37,38,20
